work_id,title,authors,fandoms,rating,warnings,category,completion,date,relationships,characters,freeforms,summary,language,words,chapters,comments,kudos,bookmarks,hits
54946069,Ø¹Ù„Ø§Ù‚Ø§Øª Ø¯Ø§Ø²Ø§ÙŠ Ø§ÙˆØ³Ø§Ù…Ùˆ,valousitie,['æ–‡è±ªã‚¹ãƒˆãƒ¬ã‚¤ãƒ‰ãƒƒã‚°ã‚¹ | Bungou Stray Dogs'],Explicit,Major Character Death,Other,Complete Work,04 Apr 2024,"[""Dazai Osamu & Dazai Osamu's Mother (Bungou Stray Dogs)"", 'Dazai Osamu & Oda Sakunosuke (Bungou Stray Dogs)', 'Dazai Osamu & Mori Ougai (Bungou Stray Dogs)', 'Dazai Osamu & Nakahara Chuuya (Bungou Stray Dogs)', 'Dazai Osamu & Nakajima Atsushi (Bungou Stray Dogs)', 'Dazai Osamu & Kunikida Doppo (Bungou Stray Dogs)', 'Dazai Osamu & Fyodor Dostoyevsky (Bungou Stray Dogs)', 'Akutagawa Ryuunosuke & Dazai Osamu (Bungou Stray Dogs)']","['Dazai Osamu (Bungou Stray Dogs)', ""Dazai Osamu's Mother (Bungou Stray Dogs)"", 'Nakahara Chuuya (Bungou Stray Dogs)', 'Mori Ougai (Bungou Stray Dogs)', 'Oda Sakunosuke (Bungou Stray Dogs)', 'Nakajima Atsushi (Bungou Stray Dogs)', 'Kunikida Doppo (Bungou Stray Dogs)', 'Fyodor Dostoyevsky (Bungou Stray Dogs)', 'Akutagawa Ryuunosuke (Bungou Stray Dogs)']","['Explicit Language', 'Explicit Descriptions', 'Dazaiâ€™s Relationships', 'Soft Nakajima Atsushi (Bungou Stray Dogs)', 'Fyodor Dostoyevsky is a Little Shit (Bungou Stray Dogs)', 'Emotional Abuse', 'Therapy', 'strange themes', 'Arabic Language', 'bungou stray dogs - Freeform']",Ù‡Ø°Ø§ Ø§Ù„Ø¹Ù„Ø§Ù‚Ø§Øª Ø¨ÙŠÙ† Ø¯Ø§Ø²Ø§ÙŠ ÙˆØ§ØµØ­Ø§Ø¨Ù‡ ÙˆØ¹Ø¯ÙˆÙ‡ØŒ Ø§Ø³ØªÙ…ØªØ¹ÙˆØ§,Ø§Ù„Ø¹Ø±Ø¨ÙŠØ©,320,1/1,,2,,24
54922018,Wkwklw,Ajkaakkanss (orphan_account),['Akakkskde'],Mature,Choose Not To Use Archive Warnings,No category,Complete Work,03 Apr 2024,[],[],[],,Ø§Ù„Ø¹Ø±Ø¨ÙŠØ©,1,1/1,,,,5
54691171,Labyrinth Dynamic ~Ø£ØºÙ†ÙŠØ© Ø§Ù„Ø£Ù…ÙŠØ±Ø©~ (Arabic Version),Megululu-chan (Littlelulu62),['Original Work'],Teen And Up Audiences,No Archive Warnings Apply,F/M,Complete Work,31 Mar 2024,['Original Female Character(s) & Original Male Character(s)'],"['Original Female Character(s)', 'Original Male Character(s)']","['Ø¹Ø±Ø¨ÙŠ | Arabic', 'Romance', 'Teen Romance', 'Musicals', 'Idols', 'High School', 'Boarding School', 'Slice of Life', 'Love Triangles', 'Love at First Sight']",ÙƒØ§Ù†Ø§Ø¯ÙŠ Ù‡Ø§Ù†Ø§Ø³Ø§ÙƒÙŠØŒ Ø·Ø§Ù„Ø¨Ø© ØªØ¨Ù„Øº Ù…Ù† Ø§Ù„Ø¹Ù…Ø± 16 Ø¹Ø§Ù…Ù‹Ø§ ÙÙŠ Ù…Ø¯Ø±Ø³Ø© Ø£ÙˆØªÙˆØ´ÙŠØ±Ø§Ø´ÙŠ Ø§Ù„Ø«Ø§Ù†ÙˆÙŠØ©ØŒ ØªÙ„ØªØ­Ù‚ Ø¹Ù„Ù‰ Ø£Ù…Ù„ Ø£Ù† ØªØµØ¨Ø­ Ù…Ù†ØªØ¬Ø©Ù‹ ÙÙŠ ØµÙ†Ø§Ø¹Ø© Ø§Ù„Ø¢ÙŠØ¯ÙˆÙ„Ø². ØªÙ†Ø¶Ù… Ø¥Ù„Ù‰ ÙØ±Ø¹ ÙˆØ­Ø¯Ø© Ø§Ù„Ù…Ø¹Ø¨ÙˆØ¯ Ø¨Ø§Ù„Ù…Ø¯Ø±Ø³Ø©ØŒ Ø­ÙŠØ« ØªØ¬Ø¯ Ù†ÙØ³Ù‡Ø§ Ù…Ù†Ø¬Ø°Ø¨Ø© Ø¥Ù„Ù‰ Ø«Ù„Ø§Ø« Ù…Ø¬Ù…ÙˆØ¹Ø§Øª Ù…ØªÙ…ÙŠØ²Ø©: Labyrinth Dynamic ÙˆPeaceâœ¤Boys ÙˆHappinessâ˜¼Galaxy. Ø¨ÙŠÙ†Ù…Ø§ ØªÙƒØ§ÙØ­ ÙƒØ§Ù†Ø§Ø¯ÙŠ Ù„ØªØ­Ø¯ÙŠØ¯ Ø§Ù„Ù…Ø¬Ù…ÙˆØ¹Ø© Ø§Ù„ØªÙŠ ÙŠØ¬Ø¨ Ø§Ù„ØªØ±ÙƒÙŠØ² Ø¹Ù„ÙŠÙ‡Ø§ØŒ ØªØ¨Ø¯Ø£ ÙÙŠ ØªØ·ÙˆÙŠØ± Ù…Ø´Ø§Ø¹Ø±Ù‡Ø§ ØªØ¬Ø§Ù‡ Ù…Ø§ÙŠØªÙˆ Ø£ÙˆØªØ´ÙŠØ§ÙŠ Ùˆ Ø¯Ø§ÙŠØªØ´ÙŠ Ø£ÙŠÙƒØ§ÙˆØ§ Ù…Ù† Labyrinth Dynamic. ÙˆÙ…Ø¹ Ø°Ù„ÙƒØŒ ÙØ¥Ù† Ø¹ÙˆØ§Ø·ÙÙ‡Ø§ ØªØªØ­Ø¯Ù‰ Ø§Ù„ÙˆØ­Ø¯ØªÙŠÙ† Ø§Ù„Ø£Ø®Ø±ÙŠÙŠÙ†: Ø±ÙŠÙˆÙ…Ø§ ÙƒÙŠØªØ§Ù…ÙŠ ÙˆÙƒÙˆØªØ§Ø±Ùˆ Ù‡Ø§ÙŠØ§Ù…ÙŠ Ù…Ù† Peaceâœ¤BoysØŒ ÙˆØªÙˆÙŠØ§ ÙŠØ§ÙƒÙˆØ´ÙŠØ¬ÙŠ ÙˆØ£ØªØ§Ø±Ùˆ ÙƒØ§Ø³ÙˆØºØ§Ù†Ùˆ Ù…Ù† Happinessâ˜¼Galaxy. Ø¨ÙŠÙ†Ù…Ø§ ØªØªÙ†Ù‚Ù„ ÙƒØ§Ù†Ø§Ø¯ÙŠ Ø®Ù„Ø§Ù„ Ù‡Ø°Ù‡ Ø§Ù„Ø±ÙˆÙ…Ø§Ù†Ø³ÙŠØ© Ø§Ù„Ù…Ø¶Ø·Ø±Ø¨Ø© ÙÙŠ Ø³Ù† Ø§Ù„Ù…Ø±Ø§Ù‡Ù‚Ø©ØŒ ÙŠØ¬Ø¨ Ø¹Ù„ÙŠÙ‡Ø§ Ø£ÙŠØ¶Ù‹Ø§ Ø£Ù† ØªÙ‚Ø±Ø± Ù…Ø§ Ø¥Ø°Ø§ ÙƒØ§Ù†Øª Ø³ØªØªØ¨Ø¹ Ø­Ù„Ù…Ù‡Ø§ ÙÙŠ Ø£Ù† ØªØµØ¨Ø­ Ù…Ù†ØªØ¬Ø© Ø£Ùˆ ØªØ³ØªØ³Ù„Ù… Ù„Ø±ØºØ¨Ø© Ù‚Ù„Ø¨Ù‡Ø§. ØªØ¨Ù„Øº Ø§Ù„Ù‚ØµØ© Ø°Ø±ÙˆØªÙ‡Ø§ ÙÙŠ Ø­ÙÙ„ Ù…ÙˆØ³ÙŠÙ‚ÙŠ Ø­ÙŠ Ø¯Ø±Ø§Ù…ÙŠØŒ Ø­ÙŠØ« ÙŠØ¬Ø¨ Ø¹Ù„Ù‰ ÙƒØ§Ù†Ø§Ø¯ÙŠ Ø§Ù„Ø§Ø®ØªÙŠØ§Ø± Ø¨ÙŠÙ† ÙˆØ­Ø¯Ø§Øª Ø§Ù„ØºÙ†Ø§Ø¦ÙŠØ© Ø§Ù„Ø«Ù„Ø§Ø«Ø© ÙˆØ§ÙƒØªØ´Ø§Ù Ø­Ø¨Ù‡Ø§ Ø§Ù„Ø­Ù‚ÙŠÙ‚ÙŠ.,Ø§Ù„Ø¹Ø±Ø¨ÙŠØ©,"4,353",8/8,,,,11
54678427,ÙŠØ§ Ù…Ù„Ø­Ù…Ø©: Ø§Ù„Ø¬Ø²Ø¡ Ø§Ù„Ø£ÙˆÙ„: ÙƒØªØ§Ø¨ Ø§Ù„Ø£ØµÙˆÙ„,rsluebben,"['No Fandom', 'Original Work']",Teen And Up Audiences,"Choose Not To Use Archive Warnings, Graphic Depictions Of Violence, Major Character Death","F/F, F/M",Complete Work,01 Apr 2024,"['Ø«ÙŠØ§ / Ù…Ø§Ù„ÙˆÙ…', 'Ø¥Ù„ÙŠØ³Ø§Ø¨ÙŠ / Ø¬Ø§ÙŠØ§', 'Ø±ÙˆÙØ§Ù† / Ø£Ù…Ø§ÙŠØ§', 'Ù…Ø§Ù„ÙŠÙƒØ§ / Ø¥ÙŠØ´Ø§Ù†ØªÙŠ', 'Ø§Ù„Ù‚ÙŠØµØ± Ù…ÙŠØ±Ùˆ/ ØªØ³Ø§Ø±ÙŠÙ†Ø§ Ø³Ù„Ù…Ù‰']","['Ø§Ù„', 'Ù…Ø§Ù„ÙˆÙ…', 'ÙƒØ§ÙŠ', 'ÙÙ„Ø§ÙŠØ±Ùˆ', 'ÙƒÙŠØ±ÙˆÙ†', 'Ø±ÙˆÙØ§Ù†', 'Ø£Ù…Ø§ÙŠØ§', 'Ø¨ÙŠØªØ§', 'Ø¬ÙˆØ§Ø¯', 'Ø¹ÙƒÙŠÙØ§', 'Ø£ÙˆÙ„Ø§ÙÙˆØ±', 'Ø§Ù„ÙƒØ§Ø¨ØªÙ† Ø¯Ø§Ù†ØªØ³', 'Ø³Ø§Ø¯Ø© Ø£ÙˆØ±Ø§ÙƒÙ„', 'Ø³Ø§Ø­Ø±Ø© Ù‡Ø§Ø¬Ø±', 'Ø¸Ù„ Ø§Ù„Ø¸Ù„', 'Ø§Ù„ÙÙŠÙ„Ù‚ Ø§Ù„Ø£Ø³ÙˆØ¯', 'Ù…Ø§Ù„ÙŠÙƒØ§', 'ØªØ´Ø§Ø³ÙƒØ§', 'Ø§Ù„Ø±Ø¦ÙŠØ³ ÙŠØ§Ø´Ø§ÙŠ', 'Ø§Ù„Ø±Ø¦ÙŠØ³ ÙƒØ§ÙØ§', 'Ø¥Ù„ÙŠØ³Ø§Ø¨ÙŠ', 'ØºØ§ÙŠØ§', 'Ø¥ÙŠØ´Ø§Ù†ØªÙŠ', 'Ø£Ø¨ÙˆÙ„ÙŠÙˆÙ†', 'Ø§Ù„Ù…Ù„Ùƒ Ø§ÙˆØ¯Ø§ÙƒÙˆØªØ§', 'Ø£ØªÙˆÙƒ Ø¨Ø¹Ù„', 'Ø§Ù„Ù…Ø·Ø±Ø§Ù† Ø±Ø³ØªÙ†', 'Ø§Ù„Ù‚Ø§Ø¦Ø¯ ØªÙˆØªÙˆ', 'Ø§Ù„ÙÙŠÙ„Ø¯ Ù…Ø§Ø±Ø´Ø§Ù„ Ø±Ù…Ø²ÙŠ', 'Ø¨ÙˆÙŠØ§Ø± ÙÙŠÙƒÙŠÙ†ÙŠØ§', 'Ø§Ù„Ù‚ÙŠØµØ± Ù…ÙŠØ±Ùˆ', 'ØªØ³Ø§Ø±ÙŠÙ†Ø§ Ø³Ù„Ù…Ù‰', 'Ø³Ø±ÙˆØ± Ø¯ÙˆÙ…ÙŠÙ†ÙˆØ³']","['Witchcraft', 'Dark Magic', 'Fantasy', 'Myth Arc', 'Swords & Sorcery', 'Animal Connections', 'Torture']",ÙÙŠ Ø§Ù„Ø£Ø±Ø§Ø¶ÙŠ Ø§Ù„ØºØ§Ù…Ø¶Ø©ØŒ ØªÙ†ØªØ´Ø± Ø§Ù„Ø«ÙˆØ±Ø© Ø­ÙŠØ« ÙŠØ³Ø¹Ù‰ Ø§Ù„Ù…Ø¶Ø·Ù‡Ø¯ÙˆÙ† Ø¥Ù„Ù‰ ÙƒØ³Ø± Ù†ÙŠØ± Ø§Ù„Ø·ØºØ§Ø©. ÙŠØªØ­Ø¯ Ø§Ù„ÙØ±Ø³Ø§Ù† Ø§Ù„Ù…ÙƒØ±Ø³ÙˆÙ† Ù„Ù…ØµØ¯Ø± ÙƒÙ„ Ø§Ù„Ø£Ø´ÙŠØ§Ø¡ ØªØ­Øª Ø±Ø§ÙŠØ© ÙˆØ§Ø­Ø¯Ø© Ù„Ø£ÙˆÙ„ Ù…Ø±Ø© Ù„Ù„Ø§Ù†Ø¶Ù…Ø§Ù… Ø¥Ù„Ù‰ ØªÙ…Ø±Ø¯ Ø§Ù„ÙÙ„Ø§Ø­ÙŠÙ† Ø§Ù„Ù…ØªØ²Ø§ÙŠØ¯. Ø§Ù„Ø£Ø¨Ø·Ø§Ù„ ÙˆØ§Ù„Ø£Ø´Ø±Ø§Ø± ÙŠØ®ØªØ¨Ø±ÙˆÙ† Ø´Ø¬Ø§Ø¹ØªÙ‡Ù… Ø¹Ù†Ø¯Ù…Ø§ ÙŠØµØ¨Ø­ÙˆÙ† Ø£Ø³Ø§Ø·ÙŠØ±. Ø§Ù„Ù‚ÙˆÙ‰ Ø§Ù„ØªÙŠ Ù„Ù† ØªØªØ®Ù„Ù‰ Ø¹Ù† Ù‚ÙˆØªÙ‡Ø§ Ø¨Ø³Ù‡ÙˆÙ„Ø©ØŒ ÙˆØ³ÙˆÙ ØªØ±Ø§Ù‚ Ø§Ù„Ø¯Ù…Ø§Ø¡ Ø¹Ù†Ø¯ ØªÙ‚Ø¯ÙŠÙ… Ø§Ù„ØªØ¶Ø­ÙŠØ§Øª.,Ø§Ù„Ø¹Ø±Ø¨ÙŠØ©,"75,857",29/29,,,,17
54648106,"I need you, sir",yoongiscum,['ë°©íƒ„ì†Œë…„ë‹¨ | Bangtan Boys | BTS'],Not Rated,Choose Not To Use Archive Warnings,M/M,Complete Work,22 Mar 2024,['Min Yoongi I Suga/Jung Hoseok I J-Hope'],"['Min Yoongi | Suga', 'Jeon Jungkook', 'Jung Hoseok | J-Hope', 'Kim Taehyung | V', 'Kim Seokjin | Jin', 'Kim Namjoon | RM', 'Park Jimin (BTS)']","['Plot What Plot/Porn Without Plot', 'Rough Sex', 'Crying', 'Jung Hoseok | J-Hope Cries During Sex', 'Bottom Jung Hoseok | J-Hope', 'Sub Jung Hoseok | J-Hope', 'Cock Slut Jung Hoseok | J-Hope', 'Top Min Yoongi | Suga', 'Dom Min Yoongi | Suga', 'Light Dom/sub', 'Light Masochism', 'Masochist jung hoseok', 'Slut Jung Hoseok | J-Hope', 'Sadism', 'Sadistic Min Yoongi | Suga', 'Choking', 'Bondage', 'Verbal Humiliation', 'Kissing', 'Top Min Yoongi I Suga/Bottom Jung Hoseok I J-Hope']","""Ø³ÙŠØ¯ÙŠ~"" ÙŠÙØ¦Ù† Ù‡ÙˆØ³ÙˆÙƒ Ù…ÙÙ†ØªØ­Ø¨Ø§Ù‹ ÙˆÙ‡Ùˆ ÙŠØ±ØªØ¹Ø´ Ø¹Ù„Ù‰ Ø§Ù„Ù…Ù„Ø§Ø¦Ø§Øª Ø¨ÙØ¹Ø¯ Ø£Ù† Ø§Ù†ØªÙ‡Ù‰ Ø¨Ù‡ Ø§Ù„Ø£Ù…Ø± Ù…ÙÙ‚ÙŠØ¯Ø§Ù‹ Ø¹Ù„Ù‰ Ø§Ù„Ø³Ø±ÙŠØ±.. Ø°ÙØ±Ø§Ø¹Ø§Ù‡ ÙÙˆÙ‚ Ø±Ø£Ø³Ù‡ ÙˆÙ…Ø¹ØµÙ…ÙŠÙ‡ Ù…Ø±Ø¨ÙˆØ·Ø§Ù† Ø¨Ù…ÙØ³Ù†Ø¯ Ø§Ù„Ø³Ø±ÙŠØ± Ø¨ÙˆØ§Ø³Ø·Ø© Ø­Ø¨Ù„Ù Ø­Ø±ÙŠØ±ÙŠ Ù‚Ø§Ù… ÙŠÙˆÙ†ØºÙŠ Ø¨ÙØ±Ø¨Ø·Ù‡ Ø¨Ù‡..  ""Ù‡Ù…Ù…"" ÙŠÙÙ‡Ù…Ù‡Ù… ÙŠÙˆÙ†ØºÙŠ Ø¨ÙŠÙ†Ù…Ø§ ÙŠÙ‚ÙˆÙ… Ø¨ØªÙ‚Ø¨ÙŠÙ„ Ø¹Ù†Ù‚ Ù‡ÙˆØ³ÙˆÙƒ ÙˆØ±Ù‚Ø¨ØªÙ‡ ÙˆÙ‡ÙˆØ³ÙˆÙƒ ÙŠØ¦ÙÙ† Ø¨ÙØ®ÙØ¯Ø± ÙˆÙŠÙØ±Ø¯Ù Ù…ÙØ³ØªØ«Ø§Ø±Ø§Ù‹ Ù…Ù† Ø£ÙØ¹Ø§Ù„ ÙŠÙˆÙ†ØºÙŠ Ø¨Ù‡Ù.. ""Ø§Ø­ØªØ§Ø¬ÙÙƒ Ø³ÙŠØ¯ÙŠ""",Ø§Ù„Ø¹Ø±Ø¨ÙŠØ©,778,1/1,,8,1,118
54510625,Blind,kikidoyou,['à¸à¸´à¸©à¹€à¸šà¹Šà¸š | Pit Babe (TV)'],Explicit,"Graphic Depictions Of Violence, Major Character Death","F/F, M/M, Multi",Work in Progress,16 Mar 2024,['Babe/Charlie (Pit Babe)'],"['Charlie (Pit Babe)', 'Babe (Pit Babe)', 'Alan (Pit Babe)', 'North (Pit Babe)', 'Jeff (Pit Babe)', 'Tony (Pit Babe)']","['Angst', 'Sad Ending', 'Abuse', 'Past Child Abuse', 'Art School', 'Deception', 'Eventual Smut', 'Psychological Trauma', 'Suicide Attempt', 'Suicide Notes', 'Psychopathology & Sociopathy', 'Depression']",Ù‡Ùˆ Ù…Ù† ÙŠÙ‚ØªØ¶ÙŠ Ø¹Ù„ÙŠÙ‡ Ø§Ù„Ø§Ù…Ø± Ø¨Ù‚ØªÙ„Ù‡ Ùˆ Ù‡Ùˆ Ø§Ù„Ø°ÙŠ ØªÙ‡Ø´Ù…Øª ÙƒÙ„ Ø§Ù…Ø§Ù„ Ø§Ù„Ø­Ø¨ Ùˆ Ø§Ù„Ø­ÙŠØ§Ø© Ø¯Ø§Ø®Ù„Ù‡ ØªØ´Ø§Ø±Ù„ÙŠ ØµØ§Ø­Ø¨ Ø§Ù„Ø§Ø¨ØªØ³Ø§Ù…Ø© Ø§Ù„ØµÙØ±Ø§Ø¡ Ùˆ Ø¨Ø§ÙŠØ¨ ØµØ§Ø­Ø¨ Ø§Ù„Ø§Ø­Ù„Ø§Ù… Ø§Ù„Ù…Ø­ØªØ±Ù‚Ø© Ù‡Ø°Ù‡ Ø§Ù„Ù‚ØµØ© ØªØ¯ÙˆØ± Ø­ÙˆÙ„ Ø§Ø³ØªØ§Ø° ÙÙ†ÙˆÙ† Ù…Ø®ØªÙ„ Ø¹Ù‚Ù„ÙŠ Ùˆ Ø´Ø§Ø¨ Ù…Ø±ÙŠØ¶ Ø¨Ø§Ù„Ø§ÙƒØªØ¦Ø§Ø¨ Ù†ØµØ­Ù‡ Ø·Ø¨ÙŠØ¨Ù‡ Ø¨Ø§Ù† ÙŠÙ‚ÙˆÙ… Ø¨Ù†Ø´Ø§Ø·Ø§Øª ÙÙ†ÙŠØ© Ø¹Ù†Ø¯ Ø°Ù„Ùƒ Ø§Ù„Ø§Ø³ØªØ§Ø°,Ø§Ù„Ø¹Ø±Ø¨ÙŠØ©,7,1/?,,3,,113
54308629,Nene,Neneloveno1,['The - Fandom'],Not Rated,Choose Not To Use Archive Warnings,F/M,Complete Work,07 Mar 2024,[],[],[],,Ø§Ù„Ø¹Ø±Ø¨ÙŠØ©,1,1/1,,,,11
53706637,ÙŠØ§ Ù…Ù„Ø­Ù…Ø©: Ø§Ù„Ø¬Ø²Ø¡ Ø§Ù„Ø«Ø§Ù†ÙŠ: ÙƒØªØ§Ø¨ Ø§Ù„Ù„ÙŠÙ„,rsluebben,"['No Fandom', 'Original Work']",Teen And Up Audiences,"Choose Not To Use Archive Warnings, Graphic Depictions Of Violence, Major Character Death, Rape/Non-Con","F/F, F/M, M/M",Complete Work,19 Mar 2024,"['Ù…Ø§Ù„ÙˆÙ… / Ø«ÙŠØ§', 'Ø£ÙˆÙ„Ø§ÙÙˆØ±/ ÙØ§Ù„Ù†ÙŠ', 'Ù…Ø§Ù„ÙŠÙƒØ§ / Ø¥ÙŠØ´Ø§Ù†ØªÙŠ', 'Ø¬Ø§ÙŠØ§ / Ø¥Ù„ÙŠØ³Ø§Ø¨ÙŠ', 'Ù…Ø§Ù„ÙˆÙ…/ Ù„ÙŠØ¯ÙŠ ÙÙŠÙ†ÙŠÙ†Ùˆ', 'Ø§Ù„Ø£Ù…ÙŠØ± Ø­ÙˆØªÙ‡ / Ø§Ù„Ø£Ù…ÙŠØ±Ø© Ø¬ÙˆØ±Ø³ÙŠÙ„']","['Ø±ÙˆÙØ§Ù†', 'Ø£ÙˆÙ„Ø§ÙÙˆØ±', 'ÙØ§Ù„ÙŠÙ†', 'ÙƒÙŠØªÙŠØ³ÙŠÙƒ Ø®Ø§Ù†', 'Ø³Ù„Ø·Ø§Ù† Ø¬Ø±ÙŠÙˆØ¬ÙŠ', 'Ø§Ù„ÙƒØ§Ø¨ØªÙ† Ø¯Ø§Ù†ØªØ³', 'Ø³Ø§Ø¯Ø© Ø£ÙˆØ±Ø§ÙƒÙ„', 'ÙƒÙˆÙÙ† Ø§Ù„Ø¸Ù„', 'Ø¯Ø§ØºØ±ÙŠÙ… ÙƒÙÙˆØ±', 'Ø¹Ù… Ù„ÙˆÙŠÙ†', 'Ù…Ø§Ù„ÙˆÙ…', 'Ø§Ù„', 'Ù…Ø§Ù„ÙŠÙƒØ§', 'ØªØ´Ø§Ø³ÙƒØ§', 'Ø¥Ù„ÙŠØ³Ø§Ø¨ÙŠ', 'ØºØ§ÙŠØ§', 'Ø¥ÙŠØ´Ø§Ù†ØªÙŠ', 'Ø£Ø¨ÙˆÙ„ÙŠÙˆÙ†', 'Ø§Ù„Ù…Ù„Ùƒ Ø§ÙˆØ¯Ø§ÙƒÙˆØªØ§', 'Ø£ØªÙˆÙƒ Ø¨Ø¹Ù„', 'Ø³ÙŠÙƒÙˆÙŠØ§', 'Ø§Ù„Ø£Ù…ÙŠØ± Ø­ÙˆØªÙ‡', 'Ø£ÙˆØ±ÙŠÙ†', 'Ø³ÙŠØ¯Ø© ÙÙŠÙ†ÙŠÙ†Ùˆ', 'ÙÙ„Ø§ÙŠØ±Ùˆ', 'Ø§Ø³ØªØ§Ø° Ø£Ù†ÙˆÙƒØ§', 'Ø§Ù„ÙƒØ§Ø¨ØªÙ† Ø´Ø§ÙŠØªÙˆÙ†', 'Ù†Ø§Ø¹ÙˆØ±Ø©', 'Ù„ÙˆØªØ³ÙŠ', 'Baishan', 'Ø¥Ù…Ø¨ÙŠØ±Ø§ØªØ§ Ù„Ø§ÙƒÙˆÙ…Ø§', 'ØªØ±ÙŠØ¨ÙŠÙˆÙ† Ù„ÙˆØªÙŠØ§Ù†Øª', 'ØªØ±ÙŠØ¨ÙŠÙˆÙ† Ø£ÙŠØ§Ù…ÙŠØ³', 'Ø§Ù„Ù…Ù„ÙƒØ© ÙˆØ§ÙƒÙˆÙ†ÙŠ', 'Ø£Ø¯Ø§Ù…Ø§ Ø³Ø±Ø¯Ø§Ø±', 'Ù†ÙˆÙŠÙˆÙ† Ù…Ø°Ø¨Ø­ Ø¬Ø§ØªÙ…Ø§', 'Ø§Ù„Ø£Ù…ÙŠØ±Ø© Ø¬ÙˆØ±Ø³ÙŠÙ„']","['Action/Adventure', 'Myth Arc', 'Fantasy', 'Swords & Sorcery', 'Magic', 'Dark Magic']",Ø£ÙˆØ±ÙŠÙ† Ù‡Ùˆ Ø·ÙÙ„ Ø§Ù„Ù‚Ø¯Ø±. ØªØ¨Ø­Ø« Ù‚ÙˆÙ‰ Ø§Ù„Ø¸Ù„Ø§Ù… Ø¹Ù† Ù…ÙƒØ§Ù†Ù‡ØŒ Ø¨ÙŠÙ†Ù…Ø§ ØªØ­Ù…ÙŠÙ‡ Ù‚ÙˆÙ‰ Ø§Ù„Ø¶ÙˆØ¡. Ø±ÙˆÙØ§Ù† Ù…Ø­Ø§Ø±Ø¨ Ø³Ø§Ø¹Ø¯ ÙÙŠ Ù‡Ø²ÙŠÙ…Ø© Ø²Ø¹ÙŠÙ… Ø·Ù…ÙˆØ­. Ø§Ù„Ø¢Ù†ØŒ ÙŠØ¬Ø¨ Ø¹Ù„ÙŠÙ‡ Ø£Ù† ÙŠØ³Ø§Ø±Ø¹ Ø¥Ù„Ù‰ Ø§Ù„Ù…Ù†Ø²Ù„ Ù„Ø¥Ù†Ù‚Ø§Ø° Ø¹Ø§Ø¦Ù„ØªÙ‡. ÙŠØªØ·Ù„Ø¹ ÙƒÙŠØªØ³ÙŠÙƒ Ø®Ø§Ù† ÙˆØ§Ù„Ø³Ù„Ø·Ø§Ù† Ø¬Ø±Ø§ÙŠÙˆØ¬ÙŠ Ø¥Ù„Ù‰ Ù‚Ù…Ø¹ Ø§Ù„Ø«ÙˆØ±Ø© Ø£Ø«Ù†Ø§Ø¡ Ø§Ø³ØªØ¹Ø¯Ø§Ø¯Ù‡Ù…Ø§ Ù„Ù„Ø­Ø±Ø¨. Ø³ÙŠØ³Ø¹Ù‰ Ø«ÙŠØ§ ÙˆÙÙ„ÙŠØ±Ùˆ Ù„Ù„ØªØ£Ø«ÙŠØ± Ø¹Ù„Ù‰ Ù…Ø§Ù„ÙˆÙ….,Ø§Ù„Ø¹Ø±Ø¨ÙŠØ©,"56,663",28/28,,1,,41
53548924,Vivid Dreams,L0vCh3rry,['#colorfulstageprojectsekai'],Teen And Up Audiences,Choose Not To Use Archive Warnings,M/M,Work in Progress,05 Feb 2024,"['Aoyagi Touya/Shinonome Akito', 'Azusawa Kohane/Shiraishi An']","['Aoyagi Touya', 'Azusawa Kohane', 'Shinonome Akito', 'Shiraishi An', 'Shinonome Ena']",[],"Let's be real here, We have Toya a pretty little guy and vivid bad squad then we have Akito. Akito starts to see something like, something he's never seen before. He's been observing Toya more than often, and he's been confused with himself too. Is it really just friendship? That will be answered later on.",Ø§Ù„Ø¹Ø±Ø¨ÙŠØ©,"2,142",1/?,,1,,44
53384497,Ø³Ø¹Ø§Ø¯Ø© Ø§Ù„Ø·ÙÙ„,Anonymous,['Shingeki no Kyojin | Attack on Titan'],Teen And Up Audiences,No Archive Warnings Apply,F/M,Complete Work,29 Jan 2024,['Mikasa Ackerman/Eren Yeager'],"['Eren Yeager', 'Mikasa Ackerman']",['Ø³Ø¹ÙŠØ¯'],Ø¥ÙŠØ±ÙŠÙ† ÙŠÙ„Ø¹Ø¨ Ù…Ø¹ Ø·ÙÙ„Ù‡ Ø§Ù„ØµØºÙŠØ±. Ø¹Ø§Ø¦Ù„Ø© ØµØºÙŠØ±Ø© Ù„Ø·ÙŠÙØ©,Ø§Ù„Ø¹Ø±Ø¨ÙŠØ©,279,1/1,,1,,45
53379478,Ø§ØºØªØµØ§Ø¨,yoongiscum,['ë°©íƒ„ì†Œë…„ë‹¨ | Bangtan Boys | BTS'],Not Rated,Rape/Non-Con,M/M,Complete Work,29 Jan 2024,['Min Yoongi I Suga/Kim Taehyung | V'],"['Min Yoongi | Suga', 'Kim Taehyung | V', 'Kim Seokjin | Jin', 'Kim Namjoon | RM', 'Jeon Jungkook', 'Jung Hoseok | J-Hope', 'Park Jimin (BTS)']","['Rape', 'Revenge Sex', 'Alpha/Omega', 'Blood', 'Rough Sex', 'Anal Sex', 'Omega Kim Taehyung | V', 'Alpha Min Yoongi | Suga', 'Top Min Yoongi | Suga', 'Dom Min Yoongi | Suga', 'Bottom Kim Taehyung | V', 'Sub Kim Taehyung | V', 'Top Min Yoongi I Suga/Bottom Kim Taehyung I V']",ÙŠÙ‚ÙˆÙ… Ø´ÙˆÙ‚Ø§ Ø¨Ù…Ø¹Ø§Ù‚Ø¨Ø© Ø§Ù„Ø§ÙˆÙ…ÙŠØºØ§ ÙƒÙŠÙ… ØªØ§ÙŠÙ‡ÙŠÙˆÙ†Øº Ø¹Ù„Ù‰ Ø£ÙØ¹Ø§Ù„ ÙˆØ§Ù„Ø¯Ù‡ Ø§Ù„Ø´Ù†ÙŠØ¹Ø©,Ø§Ù„Ø¹Ø±Ø¨ÙŠØ©,719,1/1,1,4,1,228
53335285,ÙŠØ´ÙÙŠÙƒ,Anonymous,['Shingeki no Kyojin | Attack on Titan'],Teen And Up Audiences,No Archive Warnings Apply,F/M,Complete Work,27 Jan 2024,['Mikasa Ackerman/Eren Yeager'],"['Eren Yeager', 'Mikasa Ackerman']",[],Ø¥Ø±ÙŠÙ† ÙŠØ¹ØªÙ†ÙŠ Ø¨Ù…ÙŠÙƒØ§Ø³Ø§ Ø§Ù„Ù…Ø±ÙŠØ¶Ø© ÙˆÙŠØ´Ø¹Ø± Ø¨Ø§Ù„Ù‚Ù„Ù‚ Ø§Ù„Ø´Ø¯ÙŠØ¯.,Ø§Ù„Ø¹Ø±Ø¨ÙŠØ©,558,1/1,,1,,31
53057149,Ù…Ø·Ø§Ø±Ø¯Ø© Ø¸Ù„ Ø§Ù„Ø¬Ù…Ø§Ù„,Anonymous,['Shingeki no Kyojin | Attack on Titan'],Teen And Up Audiences,Choose Not To Use Archive Warnings,F/M,Complete Work,15 Jan 2024,['Mikasa Ackerman/Eren Yeager'],"['Eren Yeager', 'Mikasa Ackerman']",[],Ø¥ÙŠØ±ÙŠÙ† ÙŠØ­Ø¯Ù‚ Ø³Ø±Ø§ ÙÙŠ Ù…ÙŠÙƒØ§Ø³Ø§.,Ø§Ù„Ø¹Ø±Ø¨ÙŠØ©,405,1/1,,3,,29
53056813,ÙƒÙ„ Ù…Ø§ ØªØ±ÙŠØ¯,Anonymous,['Shingeki no Kyojin | Attack on Titan'],Teen And Up Audiences,Choose Not To Use Archive Warnings,F/M,Complete Work,15 Jan 2024,['Mikasa Ackerman/Eren Yeager'],"['Eren Yeager', 'Mikasa Ackerman']",[],ÙŠØµÙ†Ø¹ Ø¥ÙŠØ±ÙŠÙ† Ø§Ù„Ø¢ÙŠØ³ ÙƒØ±ÙŠÙ… Ø¨Ø­Ø¨ Ù„Ø²ÙˆØ¬ØªÙ‡ Ø§Ù„Ø­Ø¨ÙŠØ¨Ø© Ù…ÙŠÙƒØ§Ø³Ø§.,Ø§Ù„Ø¹Ø±Ø¨ÙŠØ©,973,1/1,,1,,23
53019367,Ù„ÙŠØ´ Ø§Ù†ÙŠ Ù…ÙŠØ´ Ø­Ø¨ Ø³Ø§ÙƒÙŠÙƒÙˆ,Pussylover6969,['bandori - Fandom'],Not Rated,Choose Not To Use Archive Warnings,No category,Complete Work,13 Jan 2024,[],"['Togawa Sakiko', 'Ø³Ø§ÙƒÙŠÙƒÙˆ ØªÙˆÙ‚Ø§ÙˆØ§']","['bandori', 'Ø¨Ø§Ù†Ø¯ÙˆØ±ÙŠ']",I hate you sakiko,Ø§Ù„Ø¹Ø±Ø¨ÙŠØ©,30,1/1,1,,,53
52990123,Ø¥Ø¨Ù†Ù Ø§Ù„Ù…ÙØµÙŠØ±Ù Son of Destiny,Noah68,['Harry Potter - J. K. Rowling'],Teen And Up Audiences,Choose Not To Use Archive Warnings,"F/M, M/M",Work in Progress,12 Jan 2024,[],"['Harry Potter', 'Hermione Granger', 'Ron Weasley', 'Draco Malfoy', 'Theodore Nott', 'Blaise Zabini', 'Neville Longbottom', 'Severus Snape', 'Minerva McGonagall', 'Lucius Malfoy', 'Narcissa Black Malfoy', 'Luna Lovegood', 'James Potter', 'Lily Evans Potter', 'Original Female Character(s)']","['Alternate Universe - Canon Divergence', 'Not Canon Compliant', 'Post-Canon Fix-It', 'Canon Rewrite']","Ù…ÙØ§Ø°Ø§Ù Ù„Ùˆ ÙƒØ§Ù†Ù Ù‡Ø§Ø±ÙŠ Ø¨ÙˆØªØ± Ù„ÙÙŠØ³Ù Ù…ÙÙ† Ù†ÙØ¸Ù†Ù‡Ù Ø­ÙÙ‚Ø§Ù‹ØŸ Ù…ÙØ§Ø°Ø§Ù Ù„Ùˆ Ø¥ÙƒØªÙØ´ÙÙ Ø­ÙÙ‚ÙŠÙ‚Ø©Ù‹ Ø£ÙØ®Ø±Ù‰ Ù‚ÙÙ„Ø¨Øª Ø¹ÙØ§Ù„Ù…ÙÙ‡Ù Ø§Ù„ØµÙØºÙŠØ±Ù Ù„ÙÙ„Ù…ÙØ±Ø©Ù Ø§Ù„Ø«Ø§Ù†ÙŠØ© Ø±Ø£Ø³Ø§Ù‹ Ø¹Ù„Ù‰ Ø¹ÙÙ‚Ø¨ÙØŸ ___________________________________________ Ø§Ù„Ø±ÙÙˆØ§ÙŠØ©Ù Ø¬ÙØ²Ø¡ÙŒ Ù…ÙÙ† Ø³ÙÙ„Ø³ÙÙ„Ø©Ù ØªÙØ¯Ø¹Ù‰ ""Ù…Ø§Ø°Ø§ Ù„ÙˆØŸ"" Ø­ÙÙŠØ«Ù Ø³ÙØªÙÙ†Ø´ÙØ± Ø¨Ø§Ù‚ÙŠ Ø§Ù„Ø£Ø¬Ø²Ø§Ø¡ ÙˆÙÙ„ÙƒÙÙ† ØºÙÙŠØ±Ù Ù…ÙØ­Ø¯Ø¯ Ù…ÙÙˆØ¹ÙØ¯Ù Ø·ÙØ±Ø­ÙÙ‡Ø§ ÙˆÙÙ‡ÙŠÙ Ù„ÙÙŠØ³ØªÙ Ù…ÙØªÙØµÙÙ„Ø©Ù‹ Ø¨ÙØ¨ÙØ¹Ø¶ÙÙ‡Ø§. ÙˆÙ‚ÙØ¯ ØªÙÙ… Ù†ÙØ´Ø±ÙÙ‡Ø§ Ù…ÙØ³Ø¨Ù‚Ø§Ù‹ Ø¹Ù„Ù‰ Ù…ÙˆÙ‚ÙØ¹ ÙˆØ§ØªØ¨Ø§Ø¯ https://www.wattpad.com/story/357220464?utm_source=android&utm_medium=link&utm_content=story_info&wp_page=story_details_button&wp_uname=kalypso8o_1 Ø¬ÙÙ…ÙŠØ¹Ù Ø­Ù‚ÙˆÙ‚Ù Ø§Ù„ÙƒÙØªØ§Ø¨Ø©Ù ÙˆØ§Ù„Ø£Ø­Ø¯Ø§Ø«Ù ØªÙØ¹ÙˆØ¯Ù Ù„ÙŠÙ‘Ù Ø£Ù†Ø§ Ø§Ù„ÙƒØ§ØªÙØ¨Ø© ÙˆØ¬ÙÙ…ÙŠØ¹Ù Ø­Ù‚ÙˆÙ‚Ù Ø§Ù„Ø´ÙØ®ØµÙŠØ§ØªÙ ØªÙØ¹ÙˆØ¯Ù Ù„ÙÙ€ Ø¬ÙŠ. ÙƒÙŠ. Ø±ÙˆÙ„ÙŠÙ†Ø¬. ÙŠÙÙ…Ù†ÙØ¹Ù Ù…ÙÙ†Ø¹Ø§Ù‹ Ø¨Ø§ØªØ§Ù‹ Ù†ÙØ³Ø®Ù Ø§Ù„Ø±ÙˆØ§ÙŠØ©Ù Ø£Ùˆ ØªÙØ±Ø¬Ù…ÙØªÙ‡Ø§ Ø¨ÙØºÙŠØ±Ù Ø¥Ø°Ù†Ù ÙŠÙØ°ÙƒÙØ±ØŒ ÙˆÙŠÙØ³Ù…ÙØ­ Ø¨ÙØ§Ù„Ø£Ù‚ØªÙØ¨Ø§Ø³Ù ÙÙÙ‚Ø· Ù…ÙØ¹Ù Ø°ÙÙƒØ±Ù Ø§Ù„Ù…ÙØµØ¯Ø±Ù ÙˆØ§Ù„Ø­Ù‚ÙˆÙ‚.",Ø§Ù„Ø¹Ø±Ø¨ÙŠØ©,"1,609",1/?,2,2,,37
52943212,Jealous Husband,yoongiscum,['ë°©íƒ„ì†Œë…„ë‹¨ | Bangtan Boys | BTS'],Not Rated,Choose Not To Use Archive Warnings,M/M,Complete Work,10 Jan 2024,['Min Yoongi I Suga/ Jung Hoseok I J-Hope'],"['Min Yoongi | Suga', 'Jung Hoseok | J-Hope', 'Jeon Jungkook', 'Park Jimin (BTS)', 'Kim Taehyung | V', 'Kim Seokjin | Jin', 'Kim Namjoon | RM']","['Possessive Behavior', 'Choking', 'Spanking', 'Hair-pulling', 'Punishment', 'Top Min Yoongi | Suga', 'Bottom Jung Hoseok | J-Hope', 'Dom Min Yoongi | Suga', 'Sub Jung Hoseok | J-Hope', 'Dom/sub', 'Rough Sex', 'Angry Sex', 'Anal Sex', 'spitting', 'Top min Yoongi I Suga/Bottom Jung Hoseok']",Ø­ÙŠØ« ÙŠØ¹Ø§Ù‚Ø¨ ÙŠÙˆÙ†ØºÙŠ Ø²ÙˆØ¬Ù‡ Ù‡ÙˆØ³ÙˆÙƒ Ø¨Ø³Ø¨Ø¨ ØºÙŠØ±ØªÙ‡,Ø§Ù„Ø¹Ø±Ø¨ÙŠØ©,"1,013",1/1,1,20,2,308
52924219,What if..?3,Amany_607,['ì•…ì—­ì˜ ì—”ë”©ì€ ì£½ìŒë¿ - ê¶Œê²¨ì„ | Death Is The Only Ending For The Villain - Kwon Gyeoeul'],Teen And Up Audiences,Choose Not To Use Archive Warnings,F/M,Complete Work,09 Jan 2024,"['Penelope Eckhart | Cha Siyeon/Callisto Regulus', 'Penelope Eckhart | Cha Siyeon & Callisto Regulus']","['Callisto Regulus', 'Penelope Eckhart | Cha Siyeon', 'Duke Eckhart (Death Is The Only Ending For The Villainess)', 'Derrick Eckhart', 'Reynold Eckhart']",[],What if the haunting competition was after Penelope birthday?,Ø§Ù„Ø¹Ø±Ø¨ÙŠØ©,"6,611",1/1,,7,2,"1,004"
52905742,Ù…Ø«Ù„ÙƒØŸ,AsteriaStarling,['åƒ•ã®ãƒ’ãƒ¼ãƒ­ãƒ¼ã‚¢ã‚«ãƒ‡ãƒŸã‚¢ | Boku no Hero Academia | My Hero Academia (Anime & Manga)'],General Audiences,No Archive Warnings Apply,Gen,Complete Work,08 Jan 2024,"['Eri & Midoriya Izuku', 'Aizawa Shouta | Eraserhead & Eri', 'Aizawa Shouta | Eraserhead & Class 1-A']","['Eri (My Hero Academia)', 'Midoriya Izuku', 'Aizawa Shouta | Eraserhead', 'Yamada Hizashi | Present Mic', 'Kaminari Denki', 'Todoroki Shouto']","['Cute Midoriya Izuku', 'Midoriya Izuku is a Good Person', 'Midoriya Izuku is a Good Friend', 'Midoriya Izuku is Good With Kids', 'Good Parent Midoriya Hisashi', 'Other Additional Tags to Be Added', 'Izuku and Eri being adorable']",ÙƒØ§Ù†Øª Ù„ÙŠÙ„Ø© Ø¨Ø§Ø±Ø¯Ø© Ù…Ù† Ù„ÙŠØ§Ù„Ù‰ Ø¯ÙŠØ³Ù…Ø¨Ø± Ø¹Ù†Ø¯Ù…Ø§ Ø³Ø£Ù„Øª Ø¥ÙŠØ±Ù‰ Ø³Ø¤Ø§Ù„Ø§ Ù„Ù… ÙŠÙƒÙ† Ø£Ø­Ø¯ Ù…Ø³ØªØ¹Ø¯Ø§ Ù„Ù‡ . Ù„Ù… ÙŠØ¹Ù„Ù… Ø£Ø­Ø¯ Ø¨Ù…Ø§ ÙŠØ¬ÙŠØ¨Ù‡Ø§ØŒ Ù„Ø§ Ø£Ø­Ø¯ Ø¹Ø¯Ø§.......ØŸ Ø§Ù„Ø¹Ù…Ù„ Ù…ØªØ±Ø¬Ù… ÙˆÙ„ÙŠØ³ Ù…Ù† ØªØ£Ù„ÙŠÙÙ‰,Ø§Ù„Ø¹Ø±Ø¨ÙŠØ©,727,1/1,2,2,,52
52797865,Ù‡Ø¯ÙŠØ© Ù„ÙÙ„Ù…Ù„Ùƒ,yoongiscum,['ë°©íƒ„ì†Œë…„ë‹¨ | Bangtan Boys | BTS'],Not Rated,Choose Not To Use Archive Warnings,M/M,Complete Work,04 Jan 2024,['Min Yoongi I Suga/Kim Seokjin | Jin'],"['Min Yoongi | Suga', 'Kim Seokjin | Jin', 'Kim Taehyung | V', 'Kim Namjoon | RM', 'Park Jimin (BTS)', 'Jeon Jungkook', 'Jung Hoseok | J-Hope']","['Top Min Yoongi | Suga', 'Dom Min Yoongi | Suga', 'King Min Yoongi | Suga', 'Bottom Kim Seokjin | Jin', 'Sub Kim Seokjin | Jin', 'Dirty Talk', 'Humiliation', 'Verbal Humiliation', 'Blow Jobs', 'Come Swallowing', 'Rough Oral Sex', 'Anal Sex', 'Crying', 'Top Min Yoongi I Suga/Bottom Kim Seokjin | Jin']",ÙŠØªÙ… Ø¥Ø±Ø³Ø§Ù„ ÙƒÙŠÙ… Ø³ÙŠÙˆÙƒØ¬ÙŠÙ† ÙƒÙ‡Ø¯ÙŠØ© Ù„Ù„Ù…Ù„Ùƒ Ù…ÙŠÙ† ÙŠÙˆÙ†ØºÙŠ ØŒ Ù„ÙŠÙ‚ÙˆÙ… Ø§Ù„Ù…Ù„Ùƒ Ø¨Ø¥Ø³ØªØ®Ø¯Ø§Ù… Ù‡Ø¯ÙŠØªÙ‡ Ø¨Ø£ÙØ¶Ù„ Ø·Ø±ÙŠÙ‚Ø©.,Ø§Ù„Ø¹Ø±Ø¨ÙŠØ©,"1,523",1/1,,2,,162
52635850,ÙŠØ´ÙÙŠÙƒ,Anonymous,['Shingeki no Kyojin | Attack on Titan'],Teen And Up Audiences,Choose Not To Use Archive Warnings,F/M,Complete Work,29 Dec 2023,['Mikasa Ackerman/Eren Yeager'],"['Eren Yeager', 'Mikasa Ackerman']",[],Ø¥ÙŠØ±ÙŠÙ† ÙŠØ¹ØªÙ†ÙŠ Ø¨Ù…ÙŠÙƒØ§Ø³Ø§ Ø§Ù„Ù…Ø±ÙŠØ¶Ø© ÙÙŠ Ù…Ù†Ø²Ù„Ù‡ Ø§Ù„Ù…Ø­Ø¨Ø¨.,Ø§Ù„Ø¹Ø±Ø¨ÙŠØ©,551,1/1,,1,,31
52599379,Can't walk anymore,yoongiscum,['ë°©íƒ„ì†Œë…„ë‹¨ | Bangtan Boys | BTS'],Not Rated,Choose Not To Use Archive Warnings,M/M,Complete Work,28 Dec 2023,['Min Yoongi I Suga/Jung Hoseok I J-Hope'],"['Min Yoongi | Suga', 'Jung Hoseok | J-Hope', 'Park Jimin (BTS)', 'Jeon Jungkook', 'Kim Taehyung | V', 'Kim Seokjin | Jin', 'Kim Namjoon | RM']","['Top Min Yoongi | Suga', 'Bottom Jung Hoseok | J-Hope', 'Dom Min Yoongi | Suga', 'Sub Jung Hoseok | J-Hope', 'Rough Sex', 'Anal Sex', 'Top Min Yoongi I Suga/Bottom Jung Hoseok/J-Hope']",Ø­ÙŠØ« ÙŠØ¶Ø§Ø¬Ø¹ ÙŠÙˆÙ†ØºÙŠ Ù‡ÙˆØ³ÙˆÙƒ Ø¥Ù„Ù‰ Ø£Ù† ÙŠØ¬Ø¹Ù„Ù‡ ØºÙŠØ± Ù‚Ø§Ø¯Ø± Ø¹Ù„Ù‰ Ø§Ù„Ù…Ø´ÙŠ Ø¨Ø¹Ø¯ Ø§Ù„Ø¢Ù†.,Ø§Ù„Ø¹Ø±Ø¨ÙŠØ©,375,1/1,1,9,,207
52546852,Blow Job | Yoonseok,yoongiscum,['ë°©íƒ„ì†Œë…„ë‹¨ | Bangtan Boys | BTS'],Not Rated,Choose Not To Use Archive Warnings,M/M,Complete Work,26 Dec 2023,['Min Yoongi | Suga/Jung Hoseok | J-Hope'],"['Min Yoongi | Suga', 'Jung Hoseok | J-Hope', 'Park Jimin (BTS)', 'Kim Taehyung | V', 'Kim Seokjin | Jin', 'Jeon Jungkook', 'Kim Namjoon | RM']","['Top Min Yoongi | Suga', 'Dom Min Yoongi | Suga', 'Bottom Jung Hoseok | J-Hope', 'Sub Jung Hoseok | J-Hope', 'Blow Jobs', 'Come Swallowing', 'Plot What Plot/Porn Without Plot', 'Oral Sex', 'Top Min Yoongi | Suga/Bottom Jung Hoseok | J-Hope']",ÙƒØ§Ù† ÙŠÙˆÙ†ØºÙŠ ÙŠØ¹Ù…Ù„ Ø¨Ø¬Ø¯ ÙÙŠ Ø§Ù„Ø§Ø³ØªØ¯ÙŠÙˆ Ø§Ù„Ø®Ø§Øµ Ø¨Ù‡ ØŒ Ø¹Ù†Ø¯Ù…Ø§ Ù‚Ø±Ø± Ù‡ÙˆØ³ÙˆÙƒ Ø£Ù† ÙŠØ³Ø§Ø¹Ø¯ ÙŠÙˆÙ†ØºÙŠ Ø¹Ù„Ù‰ ØªØ®ÙÙŠÙ ØªÙˆØªØ±Ù‡ ØŒ Ù„Ø°Ø§ Ø¬Ù„Ø³ Ø¹Ù„Ù‰ Ø±ÙƒØ¨ØªÙŠÙ‡ Ø§Ù…Ø§Ù… Ø§Ù„Ø£ÙƒØ¨Ø± ÙˆØ·Ù„Ø¨ Ù…Ù†Ù‡ Ø£Ù† ÙŠØ³Ù…Ø­ Ù„Ù‡ Ø¨Ø¥Ù…ØªØµØ§Øµ Ù‚Ø¶ÙŠØ¨Ù‡ Ø¹Ù„Ù‰ Ø£Ù…Ù„ Ø£Ù† ÙŠØ®ÙÙ Ø°Ù„Ùƒ Ø¨Ø¹Ø¶ Ø§Ù„Ø¶ØºØ· Ø¹Ù„Ù‰ ÙŠÙˆÙ†ØºÙŠ.,Ø§Ù„Ø¹Ø±Ø¨ÙŠØ©,305,1/1,,11,,160
52489462,Daddy's princess,yoongiscum,['ë°©íƒ„ì†Œë…„ë‹¨ | Bangtan Boys | BTS'],Not Rated,Choose Not To Use Archive Warnings,M/M,Complete Work,24 Dec 2023,['Min Yoongi I Suga/Kim Taehyung | V'],"['Min Yoongi | Suga', 'Kim Taehyung | V', 'Park Jimin (BTS)', 'Jung Hoseok | J-Hope', 'Jeon Jungkook', 'Kim Seokjin | Jin', 'Kim Namjoon | RM']","['Top Min Yoongi | Suga', 'Dom Min Yoongi | Suga', 'Bottom Kim Taehyung | V', 'Sub Kim Taehyung | V', 'Boypussy Kim Taehyung | V', 'Min Yoongi | Suga Has a Big Dick', 'Kim Taehyung | V Has a Vagina', 'Vaginal Sex', 'Doggy Style', 'Top Min Yoongi | Suga/Bottom Kim Taehyung | V', 'Daddy Kink', 'Daddy Dom Min Yoongi | Suga']",Ø³ÙˆØ§Ø¡Ø§Ù‹ Ø¹Ø§Ù…Ù„Ù‡ ÙŠÙˆÙ†ØºÙŠ ÙƒØ§Ù„Ø£Ù…ÙŠØ± Ø§Ù„ØµØºÙŠØ± ØŒ Ø£Ùˆ ÙƒØ¯ÙÙ…ÙŠØ© Ù„Ù„Ø¬Ù†Ø³ ØŒ ÙŠØ­Ø¨ ØªØ§ÙŠÙ‡ÙŠÙˆÙ†Øº Ø°Ù„Ùƒ.,Ø§Ù„Ø¹Ø±Ø¨ÙŠØ©,920,1/1,2,20,1,899
52415284,Jealous,yoongiscum,['ë°©íƒ„ì†Œë…„ë‹¨ | Bangtan Boys | BTS'],Not Rated,Choose Not To Use Archive Warnings,M/M,Complete Work,21 Dec 2023,['Min Yoongi | Suga/Jeon Jungkook'],"[""Min Yoongi | Suga's Parents"", 'Jeon Jungkook', 'Park Jimin (BTS)', 'Kim Namjoon | RM', 'Kim Taehyung | V', 'Kim Seokjin | Jin', 'Jung Hoseok | J-Hope']","['Top Min Yoongi | Suga', 'Dom Min Yoongi | Suga', 'Bottom Jeon Jungkook', 'Sub Jeon Jungkook', 'Jealousy', 'Punishment', 'Rough Sex', 'Rough Oral Sex', 'Blow Jobs', 'Choking', 'Face Slapping', 'Face-Fucking', 'Humiliation', 'Sadistic Min Yoongi | Suga', 'Jealous Min Yoongi | Suga', 'Masochist Jeon Jungkook', 'Bottom Jeon Jungkook/Top Min Yoongi | Suga', 'Crying', 'Jeon Jungkook Cries During Sex']",Ø¹Ø§Ø¯ ÙŠÙˆÙ†Ù‚ÙŠ Ø¥Ù„Ù‰ Ø§Ù„Ù…Ù†Ø²Ù„ ØºØ§Ø¶Ø¨Ø§Ù‹ Ø¨Ø³Ø¨Ø¨ ÙØ±Ø· ØºÙŠØ±ØªÙ‡ Ø¹Ù„Ù‰ Ø¬ÙˆÙ†Ù‚ÙƒÙˆÙƒØŒ ÙˆÙ‚Ø¯ ÙƒØ§Ù† Ø¹Ø§Ø²Ù…Ø§Ù‹ Ø¹Ù„Ù‰ Ù…Ø¹Ø§Ù‚Ø¨Ø© Ø§Ù„Ø£ØµØºØ± Ø¨Ù‚ÙˆØ© Ø¥Ù„Ù‰ Ø£Ù† ÙŠÙÙ†Ø³ÙŠÙ‡ Ø¥Ø³Ù…Ù‡.,Ø§Ù„Ø¹Ø±Ø¨ÙŠØ©,"3,087",1/1,,10,2,345
52393816,My King,yoongiscum,['ë°©íƒ„ì†Œë…„ë‹¨ | Bangtan Boys | BTS'],Not Rated,Choose Not To Use Archive Warnings,M/M,Complete Work,20 Dec 2023,['Min Yoongi | Suga/Kim Namjoon | RM'],"['Min Yoongi | Suga', 'Kim Namjoon | RM', 'Kim Taehyung | V', 'Kim Seokjin | Jin', 'Jung Hoseok | J-Hope', 'Jeon Jungkook', 'Park Jimin (BTS)']","['Top Min Yoongi | Suga', 'Dom Min Yoongi | Suga', 'Bottom Kim Namjoon | RM', 'Sub Kim Namjoon | RM', 'Blow Jobs', 'Dom/sub Play', 'Roleplay', 'Submission', 'Kim Namjoon | RM is Whipped', 'Min Yoongi | Suga Has a Big Dick', 'Top Min Yoongi | Suga/Bottom kim namjoon | RM']",Ø­ÙŠØ« ÙŠÙ„Ø¹Ø¨ Ù†Ø§Ù…Ø¬ÙˆÙ† ÙˆÙŠÙˆÙ†Ù‚ÙŠ Ø¯ÙˆØ±Ù Ø§Ù„Ù…Ù„Ùƒ ÙˆØ®Ø§Ø¶Ø¹ÙÙ‡,Ø§Ù„Ø¹Ø±Ø¨ÙŠØ©,628,1/1,,9,,199
52377097,Ù…Ø·Ø§Ø±Ø¯Ø© Ø¸Ù„Ø§Ù„ Ø§Ù„Ø¬Ù…Ø§Ù„,Anonymous,['Shingeki no Kyojin | Attack on Titan'],General Audiences,Choose Not To Use Archive Warnings,"F/M, M/M",Complete Work,19 Dec 2023,['Mikasa Ackerman/Eren Yeager'],"['Eren Yeager', 'Mikasa Ackerman']",[],Ø¥ÙŠØ±ÙŠÙ† ÙŠØ±Ø§Ù‚Ø¨ Ù…ÙŠÙƒØ§Ø³Ø§ Ø³Ø±Ø§,Ø§Ù„Ø¹Ø±Ø¨ÙŠØ©,423,1/1,,2,,32
52369351,Let me kiss your scar,yoongiscum,['ë°©íƒ„ì†Œë…„ë‹¨ | Bangtan Boys | BTS'],Not Rated,Choose Not To Use Archive Warnings,M/M,Complete Work,19 Dec 2023,['Min Yoongi Suga/Jung Hoseok | J-Hope'],"['Min Yoongi | Suga', 'Jung Hoseok | J-Hope', 'Jeon Jungkook', 'Park Jimin (BTS)', 'Kim Taehyung | V', 'Kim Seokjin | Jin', 'Kim Namjoon | RM']","['Top Min Yoongi | Suga', 'Bottom Jung Hoseok | J-Hope', 'Dom Min Yoongi | Suga', 'Sub Jung Hoseok | J-Hope', 'Smoking', 'Kissing', 'Porn with Feelings', 'Min Yoongi | Suga Has a Big Dick', 'Top Min Yoongi | Suga/Bottom Jung Hoseok | J-Hope']",Ø­ÙŠØ«Ù ÙŠÙ‚Ø¹ ÙŠÙˆÙ†ØºÙŠ ÙÙŠ Ø­ÙØ¨ ÙØªÙ‰ Ø§Ù„Ù…Ù„Ù‡Ù‰ Ø§Ù„Ù…Ø´Ù‡ÙˆØ±,Ø§Ù„Ø¹Ø±Ø¨ÙŠØ©,"1,578",1/1,,13,1,122
52262509,What if..? 2,Amany_607,['ì•…ì—­ì˜ ì—”ë”©ì€ ì£½ìŒë¿ - ê¶Œê²¨ì„ | Death Is The Only Ending For The Villain - Kwon Gyeoeul'],Teen And Up Audiences,Choose Not To Use Archive Warnings,F/M,Complete Work,15 Dec 2023,"['Penelope Eckhart | Cha Siyeon/Callisto Regulus', 'Penelope Eckhart | Cha Siyeon & Callisto Regulus']","['Penelope Eckhart | Cha Siyeon', 'Callisto Regulus']","['Smut', 'Fluff and Smut', 'Porn']",,Ø§Ù„Ø¹Ø±Ø¨ÙŠØ©,"3,333",1/1,,18,,933
52092070,Ù…Ø®Ø§Ù„Ø¨ ÙˆØªØ°ÙˆÙ‚ Ø§Ù„Ù‚Ø·Ø·,Anonymous,['Shingeki no Kyojin | Attack on Titan'],Teen And Up Audiences,Choose Not To Use Archive Warnings,F/M,Complete Work,07 Dec 2023,['Mikasa Ackerman/Eren Yeager'],"['Eren Yeager', 'Mikasa Ackerman']",[],Ø¥ÙŠØ±ÙŠÙ† ÙŠØ´Ø¹Ø± Ø¨Ø§Ù„ØºÙŠØ±Ø© Ù…Ù† Ù‚Ø·Ø© Ù…ÙŠÙƒØ§Ø³Ø§.,Ø§Ù„Ø¹Ø±Ø¨ÙŠØ©,499,1/1,,2,,51
52076506,Ø£ØºÙ„Ø§Ù„ Ø§Ù„Ø±ØºØ¨Ø©,yoongiscum,['ë°©íƒ„ì†Œë…„ë‹¨ | Bangtan Boys | BTS'],Not Rated,Choose Not To Use Archive Warnings,M/M,Complete Work,06 Dec 2023,['Min Yoongi | Suga/Jeon Jungkook'],"['Min Yoongi | Suga', 'Jeon Jungkook', 'Park Jimin (BTS)', 'Kim Taehyung | V', 'Kim Seokjin | Jin', 'Kim Namjoon | RM', 'Jung Hoseok | J-Hope']","['Min Yoongi | Suga Is Whipped', 'Sub Jeon Jungkook', 'Dom Min Yoongi | Suga', 'Top Min Yoongi | Suga', 'Bottom Jeon Jungkook', 'Dom/sub', 'First Time', 'Porn with Feelings', 'Crying', 'Min Yoongi is a sweetheart', 'Bottom Jeon Jungkook/Top Min Yoongi | Suga']",ÙƒØ§Ù†Øª Ù‡Ø°Ù‡ Ù‡ÙŠ Ø§Ù„Ù…Ø±Ø© Ø§Ù„Ø£ÙˆÙ„Ù‰ Ø§Ù„ØªÙŠ ÙŠÙØ¹Ù„ ÙÙŠÙ‡Ø§ ÙŠÙˆÙ†ØºÙŠ Ù‡Ø°Ø§ Ø§Ù„Ø§Ù…Ø± ØŒ ÙÙ‡Ùˆ Ù„Ù… ÙŠÙƒÙ† ÙŠÙ‡ØªÙ… Ø£Ø¨Ø¯Ù‹Ø§ Ø¨ØªÙ‡ÙŠØ¦Ø© Ø§Ùˆ ØªÙˆØ³ÙŠØ¹ Ø£ÙŠ Ø´Ø®Øµ ÙŠÙ†Ø§Ù… Ù…Ø¹Ù‡ .. Ø¨Ù„ Ø¨Ø§Ù„Ø¹ÙƒØ³ ØŒ ÙƒØ§Ù† ÙŠØ¶Ø§Ø¬Ø¹Ù‡Ù… Ø¨Ù‚ÙˆØ© ÙˆØ®Ø´ÙˆÙ†Ø© ØŒ ÙˆÙŠÙØ±Ø¶ÙŠ Ø¬Ø§Ù†Ø¨Ù‡ Ø§Ù„Ø³Ø§Ø¯ÙŠ Ø¨Ø±Ø¤ÙŠØªÙ‡Ù… ÙŠØµØ±Ø®ÙˆÙ† ÙˆÙŠØ¨ÙƒÙˆÙ† Ù…Ù† Ø§Ù„Ø£Ù„Ù… Ø£Ø³ÙÙ„Ù‡ .. Ù„ÙƒÙ† Ø§Ù„Ø§Ù…Ø± ÙƒØ§Ù† Ù…Ø®ØªÙ„ÙØ§Ù‹ Ù…Ø¹ Ø¬ÙˆÙ†ØºÙƒÙˆÙƒ ..,Ø§Ù„Ø¹Ø±Ø¨ÙŠØ©,"1,566",1/1,,4,,149
51922810,what if..?,Amany_607,['ì•…ì—­ì˜ ì—”ë”©ì€ ì£½ìŒë¿ - ê¶Œê²¨ì„ | Death Is The Only Ending For The Villain - Kwon Gyeoeul'],Teen And Up Audiences,Choose Not To Use Archive Warnings,F/M,Complete Work,29 Nov 2023,"['Penelope Eckhart | Cha Siyeon/Callisto Regulus', 'Penelope Eckhart | Cha Siyeon & Callisto Regulus']","['Penelope Eckhart | Cha Siyeon', 'Callisto Regulus', 'Duke Eckhart (Death Is The Only Ending For The Villainess)', 'Reynold Eckhart', 'Derrick Eckhart']",[],"New series in the name of ""what if..?"" changing things in the novel.",Ø§Ù„Ø¹Ø±Ø¨ÙŠØ©,"4,958",1/1,,6,2,"1,008"
51823804,Ù„Ø³ØªÙ Ø¹Ø¨Ø¯Ø§Ù‹ Ù„Ùƒ | I'm not your slave!,yoongiscum,['ë°©íƒ„ì†Œë…„ë‹¨ | Bangtan Boys | BTS'],Not Rated,Choose Not To Use Archive Warnings,M/M,Work in Progress,25 Nov 2023,['Min Yoongi | Suga/Jung Hoseok | J-Hope'],"['Min Yoongi | Suga', 'Jung Hoseok | J-Hope', 'Jeon Jungkook', 'Park Jimin (BTS)', 'Kim Taehyung | V', 'Kim Seokjin | Jin', 'Kim Namjoon | RM']","['Bottom Jung Hoseok | J-Hope', 'Sub Jung Hoseok | J-Hope', 'Omega Jung Hoseok | J-Hope', 'Pregnant Jung Hoseok | J-Hope', 'Slut Jung Hoseok | J-Hope', 'Mpreg', 'Top Min Yoongi | Suga', 'Dom Min Yoongi | Suga', 'Alpha Min Yoongi | Suga', 'King Min Yoongi | Suga', 'Punishment', 'Humiliation', 'Degradation', 'Top Min Yoongi | Suga/Bottom Jung Hoseok | J-Hope']",,Ø§Ù„Ø¹Ø±Ø¨ÙŠØ©,567,1/2,,16,1,292
51806374,ÙÙŠ Ø§Ù„Ø­Ù…Ø§Ù… Ø§Ù„Ø¹Ø§Ù…,yoongiscum,['ë°©íƒ„ì†Œë…„ë‹¨ | Bangtan Boys | BTS'],Not Rated,Choose Not To Use Archive Warnings,M/M,Complete Work,24 Nov 2023,['Min Yoongi | Suga/Kim Seokjin | Jin'],"['Min Yoongi | Suga', 'Kim Seokjin | Jin', 'Kim Taehyung | V', 'Kim Namjoon | RM', 'Jeon Jungkook', 'Jung Hoseok | J-Hope', 'Park Jimin (BTS)']","['Bottom Kim Seokjin | Jin', 'Sub Kim Seokjin | Jin', 'Horny Kim Seokjin | Jin', 'Top Min Yoongi | Suga', 'Dom Min Yoongi | Suga', 'Top Min Yoongi | Suga/Bottom Kim Seokjin | Jin']",Ø­ÙŠØ« ÙŠØªÙˆÙ‚Ù ÙŠÙˆÙ†ØºÙŠ ÙˆØ³ÙŠÙˆÙƒØ¬ÙŠÙ† ÙÙŠ Ø§Ù„Ù…Ø­Ø·Ø© ØŒ ÙÙŠ Ø§Ù„Ø­Ù…Ø§Ù… Ø§Ù„Ø¹Ø§Ù… Ù„Ù…Ù…Ø§Ø±Ø³Ø© Ø§Ù„Ø¬Ù†Ø³,Ø§Ù„Ø¹Ø±Ø¨ÙŠØ©,262,1/1,,4,,162
51805816,Ø¹Ø§Ù‡Ø±ÙŒ Ù„Ù„Ø£ÙØ³ØªØ§Ø° Ù…ÙŠÙ†,yoongiscum,['ë°©íƒ„ì†Œë…„ë‹¨ | Bangtan Boys | BTS'],Not Rated,Choose Not To Use Archive Warnings,M/M,Complete Work,24 Nov 2023,['Min Yoongi | Suga/Kim Taehyung | V'],"['Min Yoongi | Suga', 'Kim Taehyung | V', 'Kim Namjoon | RM', 'Kim Seokjin | Jin', 'Jung Hoseok | J-Hope', 'Jeon Jungkook', 'Park Jimin (BTS)']","['Top Min Yoongi | Suga', 'Dom Min Yoongi | Suga', 'Bottom Kim Taehyung | V', 'Sub Kim Taehyung | V', 'Min Yoongi | Suga Has a Big Dick', 'Cock Slut Kim Taehyung | V', 'Top Min Yoongi | Suga/Bottom Kim Taehyung | V']",""" Ø£Ø­Ø¨ Ø±Ø¤ÙŠØªÙƒ ÙˆØ£Ù†Øª ØªØ®Ø¶Ø¹ Ù„ÙŠ Ù‡ÙƒØ°Ø§ ØªØ§ÙŠÙ‡ÙŠÙˆÙ†Øº "" Ù‚Ø§Ù„ ÙŠÙˆÙ†ØºÙŠ ÙˆÙ‡Ùˆ ÙŠÙØ®Ø±ÙØ¬ Ù‚Ø¶ÙŠØ¨Ù‡ Ù…Ù† ÙØªØ­Ø© Ø§Ù„Ø£ØµØºØ±.  ""Ù„ÙŠÙ‚ÙˆÙ„ ØªØ§ÙŠÙ‡ÙŠÙˆÙ†Øº : ""ÙˆØ£Ù†Ø§ Ø£Ø­Ø¨ Ù‚Ø¶ÙŠØ¨Ùƒ Ø³ÙŠØ¯ÙŠ",Ø§Ù„Ø¹Ø±Ø¨ÙŠØ©,473,1/1,,11,2,349
51715465,Ø§Ù„Ø³ÙØ±,yoongiscum,['ë°©íƒ„ì†Œë…„ë‹¨ | Bangtan Boys | BTS'],Not Rated,Rape/Non-Con,M/M,Complete Work,20 Nov 2023,['Min Yoongi | Suga/Jeon Jungkook'],"['Min Yoongi | Suga', 'Jeon Jungkook', 'Park Jimin (BTS)', 'Jung Hoseok | J-Hope', 'Kim Taehyung | V', 'Kim Seokjin | Jin', 'Kim Namjoon | RM']","['Top Min Yoongi | Suga', 'Bottom Jeon Jungkook', 'Dom Min Yoongi | Suga', 'Sub Jeon Jungkook', 'Daddy Dom Min Yoongi | Suga', 'Boypussy Jeon Jungkook', 'Rape', 'Dead Dove: Do Not Eat', 'Jungkook is 7 yoongi is 30', 'Bottom Jeon Jungkook/Top Min Yoongi | Suga']",Ø¹Ù†Ø¯Ù…Ø§ ØªØ²ÙˆØ¬ ÙŠÙˆÙ†ØºÙŠ Ø¨Ø£Ù… Ø¬ÙˆÙ†ØºÙƒÙˆÙƒ Ù„Ù… ÙŠÙƒÙ† ÙŠØ¹Ù„Ù… Ø£Ù† Ù‡Ù†Ø§Ùƒ Ø³Ø±Ø§Ù‹ ØµØºÙŠØ±Ø§Ù‹ ØªØ®ÙÙŠÙ‡ Ø¨ÙŠÙ† Ø£ÙØ®Ø§Ø° Ø§Ù„ØµØºÙŠØ± Ø§Ù„Ø¨Ø§Ù„Øº Ù…Ù† Ø§Ù„Ø¹Ù…Ø± Ù§ Ø³Ù†ÙˆØ§Øª..,Ø§Ù„Ø¹Ø±Ø¨ÙŠØ©,459,1/1,,20,4,"1,146"
51714454,Ù…Ù…Ø§Ø±Ø³Ø© Ù„Ø·ÙŠÙØ©,yoongiscum,['ë°©íƒ„ì†Œë…„ë‹¨ | Bangtan Boys | BTS'],Not Rated,Choose Not To Use Archive Warnings,M/M,Complete Work,20 Nov 2023,['Min Yoongi/Jung Hoseok'],"['Min Yoongi | Suga', 'Jung Hoseok | J-Hope', 'Jeon Jungkook', 'Park Jimin (BTS)', 'Kim Taehyung | V', 'Kim Seokjin | Jin', 'Kim Namjoon | RM']","['Bottom Jung Hoseok | J-Hope', 'Top Min Yoongi | Suga', 'Sub Jung Hoseok | J-Hope', 'Dom Min Yoongi | Suga', 'Alpha Min Yoongi | Suga', 'Omega Jung Hoseok | J-Hope', 'Blow Jobs', 'Riding', 'Kissing', 'Deepthroating', 'Top Min Yoongi | Suga/Bottom Jung Hoseok | J-Hope']",Ù…Ù…Ø§Ø±Ø³Ø© Ù„Ø·ÙŠÙØ© Ø¨ÙŠÙ† Ù‡ÙˆØ¨ÙŠ ÙˆÙŠÙˆÙ†ÙŠ,Ø§Ù„Ø¹Ø±Ø¨ÙŠØ©,394,1/1,,8,,151
51651205,Ø¹Ù‚Ø§Ø¨,yoongiscum,['ë°©íƒ„ì†Œë…„ë‹¨ | Bangtan Boys | BTS'],Not Rated,Choose Not To Use Archive Warnings,M/M,Complete Work,17 Nov 2023,['Kim Namjoon | RM/Min Yoongi | Suga'],"['Min Yoongi | Suga', 'Kim Namjoon | RM', 'Park Jimin (BTS)', 'Kim Seokjin | Jin', 'Kim Taehyung | V', 'Jeon Jungkook', 'Jung Hoseok | J-Hope']","['Bottom Kim Namjoon | RM', 'Top Min Yoongi | Suga', 'Sub Kim Namjoon | RM', 'Dom Min Yoongi | Suga', 'Alpha Min Yoongi | Suga', 'Omega Kim Namjoon | RM', 'Punishment', 'Slapping', 'Spanking', 'Top Min Yoongi | Suga/Bottom kim namjoon | RM']",ÙŠÙ‚ÙˆÙ… Ù…ÙŠÙ† ÙŠÙˆÙ†ØºÙŠ Ø¨Ù…Ø¹Ø§Ù‚Ø¨Ø© Ø§Ù„Ø´Ù‚ÙŠ ÙƒÙŠÙ… Ù†Ø§Ù…Ø¬ÙˆÙ†,Ø§Ù„Ø¹Ø±Ø¨ÙŠØ©,776,1/1,1,10,,283
51650953,delicious,yoongiscum,['ë°©íƒ„ì†Œë…„ë‹¨ | Bangtan Boys | BTS'],Not Rated,Choose Not To Use Archive Warnings,M/M,Complete Work,17 Nov 2023,['Min Yoongi | Suga/Park Jimin'],"['Min Yoongi | Suga', 'Jeon Jungkook', 'Park Jimin (BTS)', 'Jung Hoseok | J-Hope', 'Kim Seokjin | Jin', 'Kim Taehyung | V', 'Kim Namjoon | RM']","['Top Min Yoongi | Suga', 'Bottom Park Jimin (BTS)', 'Min Yoongi | Suga Has a Big Dick', 'Alpha Min Yoongi | Suga', 'Omega Park Jimin (BTS)', 'Dom Min Yoongi | Suga', 'Sub Park Jimin (BTS)', 'First Time', 'Top Min Yoongi | Suga/Bottom Park Jimin']","Ø£ØµØ¨Ø­ ÙŠÙØ­Ø±Ùƒ Ù„ÙØ³Ø§Ù†Ù‡Ù Ø¨ÙÙ‚ÙˆÙ‡ ÙÙÙˆÙ‚Ù‡Ø§ ÙˆÙŠÙØ¹Ø¶Ù‡Ø§ Ø¨ÙØ®ÙÙ‡ ÙˆÙŠÙÙ‚Ø¨Ù„Ù‡Ø§ Ù…ÙØµØ¯Ø±Ù‹Ø§ Ø£ØµÙˆØ§Øª Ù…ÙØªÙ„Ø°Ø°Ù‡ ÙˆÙÙ‡Ù…Ù‡Ù…Ø§Øª Ø£Ø¨ØªÙØ¹Ø¯ Ù„ÙŠØ±ØªÙÙØ¹ Ù†ÙØ­Ùˆ Ø£Ø°Ù†Ù‡Ù ÙŠÙ†ÙØ« Ø³Ø®ÙˆÙ†Ø© Ø£Ù†ÙØ§Ø³Ù‡Ù Ù‡ÙÙ†Ø§Ùƒ "" Ù„ÙØ°ÙŠØ°Ù‡ ÙƒÙØ§Ù„Ø¹ÙØ³Ù„ """,Ø§Ù„Ø¹Ø±Ø¨ÙŠØ©,"1,261",1/1,,4,,177
51637015,strange but familiar,Amany_607,['ì•…ì—­ì˜ ì—”ë”©ì€ ì£½ìŒë¿ - ê¶Œê²¨ì„ | Death Is The Only Ending For The Villain - Kwon Gyeoeul'],Not Rated,Choose Not To Use Archive Warnings,F/M,Complete Work,16 Nov 2023,"['Penelope Eckhart | Cha Siyeon/Callisto Regulus', 'Penelope Eckhart | Cha Siyeon & Callisto Regulus', 'Judith Regulus/Original Character(s)']","['Callisto Regulus', 'Penelope Eckhart | Cha Siyeon', 'Judith Regulus']","['War', 'Temporary Amnesia', 'Memory Loss', 'Smut', 'Love', ""I'm Bad At Tagging""]","Callisto was in war, he got injured and be unconscious for some time. But when he wakes up, he feels so strange when he saw a very beautiful woman in his room, behaving normally, like she is not in the room of the crown prince. Wait...Crown Prince?! WHAAT??!",Ø§Ù„Ø¹Ø±Ø¨ÙŠØ©,"2,395",1/1,1,42,5,"1,630"
51328231,Pieces From Heaven [ BTS SOULMATE FFC],written_by_bangtan,['ë°©íƒ„ì†Œë…„ë‹¨ | Bangtan Boys | BTS'],Not Rated,"Graphic Depictions Of Violence, Major Character Death",Multi,Work in Progress,03 Nov 2023,"['Bangtan Boys | BTS Ensemble & Original Female Character(s)', 'Kim Namjoon | RM/Original Female Character(s)', 'Kim Seokjin | Jin & Original Female Character(s)', 'Min Yoongi | Suga/Original Female Character(s)', 'Jung Hoseok | J-Hope/Original Female Character(s)', 'Park Jimin (BTS)/Original Female Character(s)', 'Kim Taehyung | V/Original Female Character(s)', 'Jeon Jungkook/Original Female Character(s)']","['Kim Namjoon | RM', 'Kim Seokjin | Jin', 'Min Yoongi | Suga', 'Jung Hoseok | J-Hope', 'Park Jimin (BTS)', 'Kim Taehyung | V', 'Jeon Jungkook', 'Original Female Character(s)']","['Alternate Universe - Soulmates', 'Romantic Soulmates', 'Platonic Soulmates', 'Fate & Destiny', 'Soul Bond', 'Soul-Searching', 'Slow Burn', 'Slow Build', 'Falling In Love', 'Love at First Sight', 'Soft Dom Kim Namjoon | RM', 'Daddy Dom Kim Seokjin | Jin', 'Soft Dom Min Yoongi | Suga', 'Daddy Dom Jung Hoseok | J-Hope', 'Switch Park Jimin (BTS)', 'Daddy Dom Kim Taehyung | V', 'Switch Jeon Jungkook', 'Bangtan Boys | BTS Are Whipped', 'Asthma', 'Panic Attacks', 'Anxiety Disorder', 'Eating Disorders', 'Loss of Control', 'Loss of Trust', 'Trust Issues', 'Fat Shaming', 'Weight Issues', 'Shameless Smut', 'Fluff and Angst']","ğ—£ğ—¹ğ˜‚ğ˜€ ğ˜€ğ—¶ğ˜‡ğ—²ğ—± ğ˜„ğ—¼ğ—ºğ—®ğ—»  ğ™„ğ™› ğ™ğ™šğ™–ğ™«ğ™šğ™£ ğ™¬ğ™–ğ™¨ ğ™– ğ™¥ğ™šğ™§ğ™¨ğ™¤ğ™£ ğ™ğ™© ğ™¬ğ™¤ğ™ªğ™¡ğ™™ ğ™—ğ™š ğ™®ğ™¤ğ™ª Ø¥Ø°Ø§ Ø§Ù„Ø¬Ù†Ø© ÙƒØ§Ù†Øª Ø´Ø®Øµ ÙØ³ØªÙƒÙˆÙ† Ø£Ù†Øª  ğ™”ğ™¤ğ™ª'ğ™«ğ™š ğ™£ğ™šğ™«ğ™šğ™§ ğ™—ğ™šğ™šğ™£ ğ™©ğ™¤ ğ™ğ™šğ™–ğ™«ğ™šğ™£ , ğ™ğ™–ğ™«ğ™š ğ™®ğ™¤ğ™ª ?",Ø§Ù„Ø¹Ø±Ø¨ÙŠØ©,198,1/?,,,,157
51220504,I love you everywhere,Amany_607,['ì•…ì—­ì˜ ì—”ë”©ì€ ì£½ìŒë¿ - ê¶Œê²¨ì„ | Death Is The Only Ending For The Villain - Kwon Gyeoeul'],Teen And Up Audiences,Choose Not To Use Archive Warnings,F/M,Work in Progress,07 Nov 2023,"['Penelope Eckhart | Cha Siyeon/Callisto Regulus', 'Penelope Eckhart | Cha Siyeon & Callisto Regulus']","[""Cha Siyeon's Younger Half-Brother (Death Is The Only Ending For The Villainess)"", ""Cha Siyeon's Older Half-Brother (Death Is The Only Ending For The Villainess)"", ""Cha Siyeon's Father (Death Is The Only Ending For The Villainess)"", 'Penelope Eckhart | Cha Siyeon']","['Love Confessions', 'First Kiss', 'First Time', 'Smut', 'Porn']","This story begins its events in Chapter 177, where when Penelope was dreaming, the system appears to her and tells her that there is a way to return, but she must pay a price for that, a price other than money because she will leave the game without knowing the hidden ending. Will Penelope accept this? What will happen to the empire when it is gone? What is the fate of the main males? Rather, what will happen to Callisto?",Ø§Ù„Ø¹Ø±Ø¨ÙŠØ©,"12,302",4/?,15,32,4,"1,371"
51113179,A doggysitting disaster...,Kamiisama,['Original Work'],Mature,Underage,"M/M, Other",Complete Work,26 Oct 2023,['Male/dog - Relationship'],['Original Male Character(s)'],"['Gay Male Character', 'Loss of Virginity', 'Plot What Plot/Porn Without Plot', 'Doggy Style', 'Hot Sex', 'Sudden', 'Daddy Kink', 'Gay Sex', 'Size Kink', 'Male Slash', 'Making Out']","Ace was just trying to do his job, dog sitting at a doggy daycare, when his coworker -Damien- has other, dirty plans.",Ø§Ù„Ø¹Ø±Ø¨ÙŠØ©,667,2/2,2,5,1,570
51109012,From the ashes,Pitchblackdog,"['Good Omens (TV)', 'Underworld (Movies)']",Mature,"Graphic Depictions Of Violence, Major Character Death, Rape/Non-Con","F/M, M/M, Multi",Work in Progress,25 Oct 2023,"['Lucian (Underworld)/Original Male Character(s)', 'Lucian/Sonja (Underworld)', 'Michael Sheen/David Tennant', 'Aziraphale/Crowley (Good Omens)']","['Lucian (Underworld)', 'Sonja (Underworld)', 'Original Characters', 'Lycans (Resident Evil)', 'Viktor (Underworld)']","['Violence', 'Blood and Injury', 'Blood and Gore', 'Werewolves', 'Vampires', 'Mating Bites', 'Alpha/Beta/Omega Dynamics', 'Implied/Referenced Torture', 'Kissing at Midnight', 'Casual Sex', 'Semi-Public Sex', 'Top Michael Sheen', 'Bottom Michael Sheen', 'Bottom David Tennant', 'Good Omens References', 'Alternate Universe', 'Character Study', 'Emotionally Repressed', 'Braids', 'Long Hair', 'Transformation', 'Animal Transformation', 'Animal Traits', 'Stolen Moments', 'Werewolf Healing']","ÙƒØ§Ù† Ø§Ù„Ù‚Ù…Ø± Ù…Ø´Ø±Ù‚Ø¢  Ùˆ Ø«Ø§Ù‚Ø¨Ø¢ ÙÙŠ Ø§Ù„Ø³Ù…Ø§Ø¡ØŒ Ù„ÙŠÙ„ØªÙ‡Ø§ØŒ.. ÙŠØ­ØªØ¶Ù† Ø§Ù„Ø­ØµÙ† Ø§Ù„Ø´Ø§Ù…Ø® Ø§Ù„Ø°ÙŠ Ø¨Ù†Ø§Ù‡ Ù…Ø¤Ø³Ø³ Ø§Ù…Ø¨Ø±Ø§Ø·ÙˆØ±ÙŠØ© Ù…ØµØ§ØµÙŠ Ø§Ù„Ø¯Ù…Ø§Ø¡ØŒ ÙÙŠÙƒØªÙˆØ±ØŒ  Ø¬Ø§Ø¹Ù„Ø¢ Ø¶Ø§Ù‡Ø±Ù‡ Ù…ÙƒØ§Ù†Ø¢ Ù…Ù„ÙŠØ¦Ø¢ Ø¨Ø§Ù„Ù‚ÙˆØ© Ùˆ Ø§Ù„Ø§Ø±Ø§Ø¯Ø© Ø§Ù„Ø­Ø±Ø© Ù„Ø£Ø¨Ù†Ø§Ø¡ Ø¬Ù†Ø³Ù‡.. Ù„ÙƒÙ† Ù…Ø§ ÙÙŠ Ø¨Ø§Ø·Ù†Ù‡ ÙƒØ§Ù† Ù„ÙŠØ³ Ø£ÙƒØ«Ø± Ù…Ù† Ø²Ù†Ø²Ø§Ù†Ø© Ø¹ÙÙ†Ø©ØŒ ÙŠÙØ­Ø¨Ø³ ÙÙŠÙ‡Ø§ Ø¹Ø¨ÙŠØ¯Ù‡Ù… Ù…Ù† Ù‚Ø¨ÙŠÙ„Ø© ""Ø§Ù„Ù„Ø§ÙŠÙƒÙ†"" Ø§Ù„Ø°ÙŠÙ† ÙƒØ§Ù†ÙˆØ§ Ù†ØªØ§Ø¬ Ø¹Ø¶Ø© Ù…Ù† Ù…Ø³ØªØ°Ø¦Ø¨ ÙŠÙØ¹Ø±Ù Ø¨ÙŠÙ† Ø£Ø¨Ù†Ø§Ø¡ Ø¬Ù†Ø³Ù‡ Ø¨Ø£Ø³Ù…  ""Ù„ÙˆØ³ÙŠØ§Ù†"".. Ø§Ù„Ø§Ù„ÙØ§..",Ø§Ù„Ø¹Ø±Ø¨ÙŠØ©,"4,739",1/?,4,3,,143
50679538,ÙƒÙÙ† Ø®Ø§Ø¯Ø¹,Akayues,['Original Work'],Explicit,"Graphic Depictions Of Violence, Major Character Death",No category,Work in Progress,01 Apr 2024,[],['Original Characters'],"['Sad', 'Character Death', 'Minor Character Death', 'Violence', 'Blood', 'Blood and Injury', 'Blood and Gore', 'Blood and Violence', 'Original Character(s)', 'going to add more later', 'Lazy Author', 'lazy writer', 'Cannibalism']",Ø¹Ù†Ø¯Ù…Ø§ ÙŠØªÙ… Ø®Ø¯Ø§Ø¹ Ø§Ù„Ø¨ØµØ± Ø¨Ø´ÙŠØ¡ Ø³Ø§Ø­Ø± Ø§Ù„Ø¬Ù…Ø§Ù„ Ø¯ÙˆÙ† Ù…Ø¹Ø±ÙØ© Ø¨Ø§Ø·Ù†Ø©,Ø§Ù„Ø¹Ø±Ø¨ÙŠØ©,"11,059",8/?,,1,,61
50468476,Resurrection,Ravensthunder,['Harry Potter - J. K. Rowling'],General Audiences,Choose Not To Use Archive Warnings,F/M,Work in Progress,15 Dec 2023,"['Severus Snape/Original Female Character(s)', 'Remus Lupin/Nymphadora Tonks', 'Chiara Lobosca/Original Male Character(s)', 'Severus Snape & Nymphadora Tonks', 'Nymphadora Tonks & Charlie Weasley', 'Remus Lupin & Severus Snape', 'Severus Snape/Aurora Pirvell', 'Nymphadora Tonks & Original Female Character(s)', 'Charlie Weasely & Original Female Character(s)', 'Hogwarts Students & Severus Snape', 'Andromeda Black Tonks/Ted Tonks']","['Severus Snape', 'Aurora Pirvell', 'Original Female Character(s)', 'Nymphadora Tonks', 'Original Male Character(s)', 'Samuel Draemistorgh (oc)', 'Remus Lupin', 'Charlie Weasley', 'Bill Weasley', 'Andromeda Black Tonks', 'Ted Tonks', 'Molly Weasley', 'Arthur Weasley', 'Minerva McGonagall', 'Albus Dumbledore', 'Voldemort (Harry Potter)', 'Narcissa Black Malfoy', 'Bellatrix Black Lestrange', 'Chiara Lobosca', 'Felix Rosier', 'Penny Haywood', 'Teddy Lupin', 'Harry Potter', 'Ron Weasley', 'Hermione Granger', 'Winky | Crouch Family House-Elf', 'Queenie Goldstein']","['Hogwarts-80s Era', 'Hogwarts Mystery Era', 'Major Original Character(s)', 'Good Friend Nymphadora Tonks', 'Post-First Wizarding War with Voldemort (Harry Potter)', 'Original Characters but feels like Canon', 'Alternate Universe - Canon Divergence', 'Ancient Magic (Hogwarts Legacy)', 'Order of the Phoenix (Harry Potter)', ""80's"", 'Severus Snape Has a Heart', 'Severus Snape-centric', 'Remadora', 'Character Death', 'Angst and Hurt/Comfort', 'Werewolves', 'Aurora Pirvell is canon', 'Young Professor Severus Snape', 'Professor Severus Snape', 'Remus Lupin & Severus Snape Friendship', 'Post-Traumatic Stress Disorder - PTSD', 'Childhood Trauma', 'Legilimency (Harry Potter)', 'Second Wizarding War with Voldemort (Harry Potter)', 'Angst', 'Not Canon Compliant - Fantastic Beasts Movies', 'Magical Creatures', 'Room of Requirement (Harry Potter)', 'Parselmouths & Parseltongue (Harry Potter)', 'Slow Burn', 'Slow slow slow burn']",ÙÙŠ Ø§Ù„Ø«Ù…Ø§Ù†ÙŠÙ†Ø§Øª Ù…Ù† Ø§Ù„Ù‚Ø±Ù† Ø§Ù„Ù…Ø§Ø¶ÙŠØŒ ÙˆØ®Ù„Ø§Ù„ Ø¹Ù‡Ø¯ Ø§Ù„Ø±Ø®Ø§Ø¡ ÙÙŠ Ø¨Ø±ÙŠØ·Ø§Ù†ÙŠØ§ Ø§Ù„Ø³Ø­Ø±ÙŠØ© Ø¨Ø¹Ø¯ Ø³Ù‚ÙˆØ· Ø§Ù„Ù„ÙˆØ±Ø¯ ÙÙˆÙ„Ø¯Ù…ÙˆØ±ØªØŒ ØªØªØ´ÙƒÙ„ Ø¹Ù„Ø§Ù‚Ø© ÙˆØ·ÙŠØ¯Ø© Ø¨ÙŠÙ† Ø³ÙŠÙØ±ÙˆØ³ Ø³Ù†Ø§ÙŠØ¨ ÙˆÙ…Ø¬Ù…ÙˆØ¹Ø© Ù…Ù† Ø·Ù„Ø§Ø¨Ù‡ ØºØ±ÙŠØ¨ÙŠ Ø§Ù„Ø£Ø·ÙˆØ§Ø±.,Ø§Ù„Ø¹Ø±Ø¨ÙŠØ©,"20,065",6/?,6,7,1,143
50295283,In this marriage,Amany_607,['ì•…ì—­ì˜ ì—”ë”©ì€ ì£½ìŒë¿ - ê¶Œê²¨ì„ | Death Is The Only Ending For The Villain - Kwon Gyeoeul'],Teen And Up Audiences,Choose Not To Use Archive Warnings,F/M,Complete Work,26 Sep 2023,"['Penelope Eckhart | Cha Siyeon/Callisto Regulus', 'Penelope Eckhart | Cha Siyeon & Callisto Regulus']","['Penelope Eckhart | Cha Siyeon', 'Callisto Regulus', 'Winter Verdandi', 'Derrick Eckhart', 'Reynold Eckhart', 'Duke Eckhart (Death Is The Only Ending For The Villainess)']","['Romance Novel', 'First Kiss', ""I'm Bad At Tagging"", 'First Time', 'Love Confessions']","â€œSo... you like me.â€ â€œA-Yes, Your Highness, ever since I saw you for the first time, I couldnâ€™t take my eyes off you.â€ I said in a trembling voice to the Crown Prince in front of me. If I had made a single word wrong, I would have died. Itâ€™s a good thing he put down the sword. Aside. â€œWhat a good excuse, okay...â€ he said with a smile, the measuring tape above his head rising to 2%, oh, all this horror for just two, what a game...â€ â€œA-ah.. okay, Your Highness.â€ It seems that my brother is looking for me now, I really have to go...â€ I bowed my head slightly intending to go, when I raised my head to turn around... â€œNo, princess, you will become my wife,â€ the Crown Prince said as he put his sword on my neck, but without To hurt her. 'What... what???!!!'",Ø§Ù„Ø¹Ø±Ø¨ÙŠØ©,"15,844",10/10,3,53,6,"2,677"
50105023,Ø£Ø­Ù…Ø± | Red,Violet24_vio,"['ë°©íƒ„ì†Œë…„ë‹¨ | Bangtan Boys | BTS', 'ì—¬ìì¹œêµ¬ | GFriend (Band)', 'ONEWE (Band)']",Mature,Graphic Depictions Of Violence,M/M,Complete Work,15 Sep 2023,['Kim Namjoon | RM/Kim Seokjin | Jin'],"['Kim Namjoon | RM', 'Kim Taehyung | V', 'Kim Seokjin | Jin', 'Kim Sojung | Sowon', 'Jung Eunbi | Eunha', 'Ju Harin', 'Jung Hoseok | J-Hope', 'Kim Chungha', 'Jung Yerin', 'Jeon Jungkook', 'Park Jimin (BTS)']","['Kim Namjoon | RM is Whipped', 'Murder', 'Murder Mystery', 'Private Investigators', 'Established Kim Namjoon | RM/Kim Seokjin | Jin', 'Investigator Jung Hoseok', 'Blood', 'Crying', 'Men Crying', 'crying blood', 'red tears', 'Kim Taehyung | V is Older Than Kim Seokjin | Jin', 'Kim Seokjin | Jin & Kim Taehyung | V are Siblings', 'Obsessive-Compulsive Disorder', 'kim seokjin Has OCD - Obsessive-Compulsive Disorder', 'Paris (City)', 'Hurt/Comfort', 'Angst with a Happy Ending', 'Cheating', 'Not between Namjin', 'Violet - Freeform', 'Tags Are Hard', 'Other Additional Tags to Be Added', 'Other Ships Not Mentioned in Tags', 'Kim Namjoon | RM is Trying His Best', 'Psychologist Kim Namjoon | RM', 'Journalist Kim Seokjin | Jin', 'Idol Kim Taehyung | V', 'Implied/Referenced Homophobia', 'Minor Character Death', ""I'm Sorry"", 'Plot Twists']",- Ø³Ø£Ø¸Ù„ Ø¨Ø¬ÙˆØ§Ø±Ùƒ Ù„Ù„Ø£Ø¨Ø¯ Ø³Ø£Ø¸Ù„ Ø¥Ù„Ù‰ Ø§Ù† ØªÙ†Ø¬ÙˆØŒ Ù…Ù‡Ù…Ø§ ÙƒØ§Ù† Ø¨ÙØ¹Ø¯ Ø§Ù„Ø±Ø¨ÙŠØ¹ Ø§Ù†Ø§ ÙˆØ§Ø«Ù‚ Ù…Ù† Ø§Ù†Ù‡ Ø³ÙŠØ£ØªÙŠ ÙŠÙˆÙ…Ù‹Ø§ØŒ ÙÙ‚Ø· Ø§Ù†ØªØ¸Ø± Ù…Ø¹ÙŠ ÙŠØ§ Ø²Ù‡ÙˆØ± Ø§Ù„ÙƒØ§Ù…ÙŠÙ„ÙŠØ§ Ø®Ø§ØµØªÙŠ. Â¬ Ù‚ØµØ© Ù‚ØµÙŠØ±Ø© ØªØ­ÙƒÙŠ Ø¬Ø±ÙŠÙ…Ø© Ø­ÙÙŠÙƒØª Ø®ÙÙŠÙˆØ·Ù‡Ø§ Ù„ÙŠÙØªÙ‡Ù… Ø¨Ù‡Ø§ Ø³ÙÙŠÙˆÙƒØ¬ÙŠÙ†ØŒ ÙˆØ­ÙƒØ§ÙŠØ© Ù…Ø­Ø¨ÙˆØ¨Ù‡Ù Ø§Ù„Ù…ØªÙˆÙ„Ø¹Ù Ø¨Ù‡Ù. Â¬ Ù†Ø§Ù…Ø¬ÙŠÙ†ØŒ ÙˆØ¨Ø¹Ø¶ Ø£Ø·Ø±Ø§Ù Ø£ÙØ®Ø±. Â¬  ØªØ­Ø°ÙŠØ± â›”ï¸: Ø§Ù„Ù…Ø­ØªÙˆÙ‰ Ø§Ù„Ù…ÙƒØªÙˆØ¨ Ù„Ø§ ÙŠÙÙ†Ø§Ø³Ø¨ Ù‚Ø§ØµØ±ÙÙŠ Ø§Ù„Ø³Ù† Ø£Ø¨Ø¯Ù‹Ø§!ØŒ ÙˆÙ„Ø§ ÙŠÙÙ†Ø§Ø³Ø¨ Ù…Ù† ÙŠØªØ£Ø°Ù‰ Ù…Ù† Ø°ÙƒØ± Ø¬Ø±Ø§Ø¦Ù… Ø§Ù„Ù‚ØªÙ„ ÙˆØ§Ù„Ø®ÙŠØ§Ù†Ø© Ø¨Ø§Ù„Ø¥Ø¶Ø§ÙØ© Ù„Ø³ÙŠØ·Ø±Ø© Ø§Ù„ØªØ¹Ø§Ø³Ø© Ø¹Ù„Ù‰ Ù…ÙØ¹Ø¸Ù… Ø§Ù„ÙƒÙØªØ§Ø¨. Â¬,Ø§Ù„Ø¹Ø±Ø¨ÙŠØ©,"5,843",3/3,,1,,72
49944193,Death is not the only ending for the villainess,Amany_607,['ì•…ì—­ì˜ ì—”ë”©ì€ ì£½ìŒë¿ - ê¶Œê²¨ì„ | Death Is The Only Ending For The Villain - Kwon Gyeoeul'],Teen And Up Audiences,Choose Not To Use Archive Warnings,F/M,Work in Progress,27 Jan 2024,['Original Penelope Eckhart/Callisto Regulus'],"['Callisto Regulus', 'Original Penelope Eckhart', 'Judith Regulus']","['First Kiss', 'Fluff', 'Falling In Love', 'First Love']","In one empire, it is said that the emperor and his wife were the two people who loved each other the most. It is said that the man loved his wife, he did not see anyone else, while she saw him as her only hope in life and everything. This love story was not because they met by chance and fell in love with each other at first sight. He loved her at first sight, while it took her a while to like him. That's what some books said. Other books said that they had a bad reputation and that they met once on his brotherâ€™s birthday and he caught a glimpse of her and admired her from afar, then he began to get closer to her. Actually this is all wrong. The true story is that His Majesty, when he was still the Crown Prince, went dragging the assassin sent to him by his half-brother to attend his birthday. There he met Penelope Eckart, who confessed her love to him. He did not know that this confession was just to avoid her being killed by him and to escape. But he stayed behind her, several times, until they fell in love with each other and got married after much difficulty.",Ø§Ù„Ø¹Ø±Ø¨ÙŠØ©,"23,348",5/?,10,24,2,"1,105"
48252646,Ø§Ù„Ø­ÙØ¨ ÙŠÙ†ØªØµØ± Ø£ÙƒØ«Ø± Ù…Ù† Ù‡Ø°Ø§ Ø§Ù„ÙØ±ÙŠÙ‚,Bcnshi,"[""Men's Football RPF""]",Mature,No Archive Warnings Apply,M/M,Complete Work,30 Jun 2023,['Julian Brandt/Marius Wolf'],"['Julian Brandt', 'Marius Wolf', 'Marco Reus', 'Kai Havertz']",[],Ø¹Ù„Ø§Ù‚Ø© Ø­ÙØ¨ Ù„Ø·ÙŠÙØ© Ø¨ÙŠÙ† Ù„Ø§Ø¹Ø¨ÙŠÙ† ÙƒØ±Ø© Ù‚Ø¯Ù…,Ø§Ù„Ø¹Ø±Ø¨ÙŠØ©,"3,893",4/4,,7,,206
47585725,Ø­ÙƒØ§ÙŠØ© Ù…Ù† ØºØ§Ø¨Ø± Ø§Ù„Ø§Ø²Ù…Ø§Ù†,Pitchblackdog,"['Original Work', 'Ancient Arabian Religion & Lore']",Mature,Choose Not To Use Archive Warnings,"M/M, Other",Work in Progress,22 Jun 2023,['Original Male Character/Original Male Character'],['Original Male Character(s)'],"['Love at First Sight', 'Hurt/Comfort', 'Sad Ending', 'Unresolved Emotional Tension', 'Unrequited Love', 'Love Confessions', 'Betrayal', 'Implied/Referenced Homophobia', 'Trauma', 'Childhood Friends', 'Long Lost/Secret Relatives', 'Kidnapping', 'Dreams and Nightmares', 'Terminal Illnesses', 'Poetry', 'Drawing', 'Rejection', 'Suicide Attempt', 'Suicidal Thoughts', 'Religion', 'Middle East', 'Non-Consensual Touching', 'First Kiss', 'Loneliness', 'Prayer', 'Snow Day', 'Medication', 'Lack of Communication', 'Episode: s02e04 Sleepless', 'Alternate Universe - Human', 'Original Fiction', 'Wishes', 'Heavy Angst', 'Dialogue Heavy', 'Loss of Innocence', 'Inner Dialogue', 'Cold Weather', 'Bisexuality', 'Madness', 'Death', 'Post-Traumatic Stress Disorder - PTSD', 'What-If', 'Paranoia', 'Jealousy', 'envy - Freeform', 'Crying.. A lot of crying', 'If angst was a story', 'Toxic Relationship', 'Possessive Behavior', 'Confusion', 'top/dom', 'Emotional Hurt', 'Emotional Sex', 'Classical References', 'Songs', 'Arranged Marriage', 'Pregnancy', 'Anger', 'Secret Relationship']",""" Ø±ÙˆØ­Ù‡ Ù…Ø´ØªØªØ©.. ÙŠØ­Ø§ÙˆÙ„ Ø§Ù„ØªÙˆØ§Ø¬Ø¯ Ù„ÙƒÙ†Ù‡ Ù„Ø§ ÙŠØªØ­Ø¯Ø« ÙƒØ«ÙŠØ±Ø¢.. Ù‡Ùˆ ÙŠÙ†ØªØ¸Ø±Ù‡ Ø£Ù…Ø§Ù… Ø°Ù„Ùƒ Ø§Ù„Ø¨ÙŠØª Ø§Ù„Ø¹ØªÙŠÙ‚.. Ù‡Ùˆ Ù„ÙŠØ³ Ù…Ø¬Ù†ÙˆÙ†Ø¢.. Ù„ÙƒÙ† ÙŠØ¤Ù…Ù† Ø¨Ù‡ ÙÙ‚Ø·.. ÙŠØ±Ø§Ù‡ ÙÙŠ ÙƒÙ„ Ù…ÙƒØ§Ù† Ùˆ ÙŠÙ…Ù„Ø£ Ø£ÙŠØ§Ù…Ù‡ Ø¨Ø§Ù„Ø§Ù†ØªØ¸Ø§Ø± .. ÙÙŠ ÙŠØ¯Ù‡ Ø¯ÙˆØ§Ø¡ Ùˆ Ù„Ø§ ÙŠØ±ÙŠØ¯ Ø´ÙŠØ¦Ø¢ Ø³ÙˆØ§Ù‡.. Ù„Ø§ Ø´ÙŠØ¡ ÙŠØ¹Ù†ÙŠ Ù„Ù‡ Ø§Ù„ÙƒØ«ÙŠØ± Ù…Ù† Ø¯ÙˆÙ†Ù‡ Ùˆ ÙŠØ´Ø¹Ø± Ø¨Ø£Ù† Ø§Ù„Ù‡ÙˆØ§Ø¡ Ø«Ù‚ÙŠÙ„ Ø¹Ù„ÙŠÙ‡.. Ø¨ØµØ±Ù‡ Ù…ØªØ´ØªØª Ø¹Ù…Ù† Ø³ÙˆØ§Ù‡ ÙˆÙ‡Ùˆ ÙŠØªØ­Ø¯Ø« Ø§Ù„ÙŠÙ‡ Ø¹Ù†Ø¯Ù…Ø§ ÙŠÙƒÙˆÙ† ÙˆØ­ÙŠØ¯Ø¢.. Ù‡Ùˆ Ù„ÙŠØ³ Ø¨Ù…Ø¬Ù†ÙˆÙ†.. Ù‡Ùˆ ÙŠØ­Ø¨Ù‡ ÙÙ‚Ø·.. ÙŠØ±Ø¢Ù‡ ÙÙŠ ÙƒÙ„ Ù…ÙƒØ§Ù†.. ÙƒØ£Ù†Ù‡ ÙŠÙ…Ù„Ø£ Ø§Ù„ÙØ±Ø§Øº Ù…Ù† Ø­ÙˆÙ„Ù‡.. Ù Ù‡Ø°Ù‡ Ù‚ØµØ© Ø­Ø¨Ù‡.. Ù‡Ø°Ù‡ Ù‚ØµØ© Ø­Ø¨Ù‡ Ø§Ù„Ù…Ø­Ø±Ù…Ø©.. """,Ø§Ù„Ø¹Ø±Ø¨ÙŠØ©,"20,543",4/?,14,7,2,287
47518498,"""but i'm a crepe, i'm a weirdough, what the hell am i doughing here? i donut belong here~""",ajenerous,['tituchelore'],Explicit,Major Character Death,M/M,Complete Work,29 May 2023,['Baguette/Bretzel'],"['Baguette - Character', 'Bretzel']","['ABO', 'Watersports', 'anal fisitng']",fcock,Ø§Ù„Ø¹Ø±Ø¨ÙŠØ©,39,1/1,,3,2,261
47241013,Ø§Ø³Ø§Ø·ÙŠØ± Ø¨Ø§Ø±Ùƒ,danawael,['Butterfly - BTS (Song)'],Not Rated,Choose Not To Use Archive Warnings,Gen,Complete Work,17 May 2023,[],['BTS World Character(s)'],"['Kim Namjoon - Freeform', 'Kim Seokjin - Freeform', 'Min Yoongi - Freeform', 'jung huseok', 'park jimin - Freeform', 'kim teahyung - Freeform', 'jeon jungkook - Freeform', 'bts - Freeform', 'bangtan boys - Freeform', 'Fantasy', 'kings - Freeform', 'Creatures']",Ø¨Ø¹Ù…Ø± ØµØºÙŠØ± Ø±Ø§Ù‰ Ø¬ÙŠÙ…ÙŠÙ† Ø­ÙˆØ±ÙŠ ØµØºØ± Ø§Ø³Ù…Ù‡ ØªØ§ÙŠ Ø«Ù… Ø§ØµØ¨Ø­Ø§ ØµØ¯ÙŠÙ‚ÙŠÙ† ÙˆÙ„ÙƒÙ† Ù‡Ù„ Ø³ÙŠØµØ¯Ù‚ Ø§Ù„Ø¬Ù…ÙŠØ¹ Ù‚ØµÙ‡ Ø¬ÙŠÙ…ÙŠÙ† ØŸ Ùˆ ÙƒÙŠÙ Ø³ÙŠÙ‚Ù†Ø¹ Ø§Ù„Ø¬Ù…ÙŠØ¹ Ø¨Ø°Ùƒ,Ø§Ù„Ø¹Ø±Ø¨ÙŠØ©,"3,261",3/3,,,,18
46175014,Illumi wants the Bit Coin,Anonymous,['Hunter X Hunter'],Explicit,Choose Not To Use Archive Warnings,M/M,Complete Work,01 Apr 2023,['Hisoka/Illumi Zoldyck'],"['Hisoka (Hunter X Hunter)', 'Illumi Zoldyck', 'Crypto', 'Martini guy (me im the narrator)']","['bitcoin', 'they invest in cereyptocurrency!!!!', 'pls invest in my hisoka and illumi crytpocurrencyd too']",Hisoka and Illumi really want the bit coin,Ø§Ù„Ø¹Ø±Ø¨ÙŠØ©,277,1/1,11,11,2,296
46156384,What is this,Weiwuxain23,['í™”ì‚°ê·€í™˜ | Return of the Blossoming Blade (Webcomic)'],General Audiences,Choose Not To Use Archive Warnings,"Gen, Other",Complete Work,01 Apr 2023,['Cheong Myeong (Return of the Blossoming Blade) & Everyone'],['Cheong Myeong (Return of the Blossoming Blade)'],[],"""Ù„Ø­Ø¸Ø© ÙˆØ§Ø­Ø¯Ø©.."" .... ""Ø§Ø°Ø§ Ù…Ø§ ØªÙ‚ÙˆÙ„ÙŠÙ†Ù‡ Ø§Ù†Øª ØªÙƒÙˆÙ†ÙŠÙ† Ø´Ù‚ÙŠÙ‚Ø© Ø°Ù„Ùƒ Ø§Ù„Ù„Ù‚ÙŠØ·"" ""Ø§Ø¬Ù„ Ø­Ø³Ù†Ø§"" .... ""ÙˆØ§ÙŠØ¶Ø§ Ø§Ù†Ù‡ Ù‡Ø±Ø¨ Ù…Ù† Ø§Ù„Ù…Ù†Ø²Ù„"" ""ÙƒÙ… Ù…Ø±Ø© Ø³Ø§Ø¹ÙŠØ¯ Ø§Ù„Ø§Ø¬Ø§Ø¨Ø© Ø§Ø¬Ù„ Ø§Ù†Ù‡ ÙƒØ°Ù„Ùƒ"" Ø¨ÙŠÙ†Ù…Ø§ ÙƒØ§Ù† Ø¨Ø§ÙŠÙƒ ØªØ´ÙˆÙ† ÙˆØ§Ù„Ø¨Ù‚ÙŠØ© Ø¹Ø§Ø¦Ø¯ÙŠÙ† Ù…Ù† Ø±Ø­Ù„Ø© Ø§Ù„Ù‰ Ø³ÙŠØ´ÙˆØ§Ù† ÙŠÙ„ØªÙ‚ÙˆÙ† Ø¨Ø§Ø­Ø¯ Ø¹Ù†Ø¯ Ù…Ø¯Ø®Ù„ Ø§Ù„Ø·Ø§Ø¦ÙØ© ÙˆÙ‡Ø°Ø§ Ø§Ù„Ø§Ù† ÙŠØªØ¸Ø§Ù‡Ø± Ø§Ù†Ù‡ Ø´Ù‚ÙŠÙ‚Ø© ØªØ´ÙˆÙ†Øº Ù…ÙŠÙˆÙ†Øº",Ø§Ù„Ø¹Ø±Ø¨ÙŠØ©,"4,888",2/2,1,20,1,270
45451477,Epiphany,JulietteL,['Veronica Mars - Fandom'],General Audiences,Choose Not To Use Archive Warnings,No category,Complete Work,23 Apr 2023,[],"['Veronica', 'Logan']",[],"A case implying an unfaithful husband, the mistery around a disaparence, and a party at Neptune High, lead Veronica to find raisons to be greatful. Situated a year before season 4. (LOVE, canon compliant.)",Ø§Ù„Ø¹Ø±Ø¨ÙŠØ©,"9,185",6/6,8,7,,270
45374674,Ù„Ø³Øª ÙˆØ­Ø¯Ùƒ,JustAHumanBeing88,['Shingeki no Kyojin | Attack on Titan'],Teen And Up Audiences,Choose Not To Use Archive Warnings,Gen,Complete Work,27 Feb 2023,"['Levi Ackerman & Erwin Smith', 'Levi Ackerman & Hange ZoÃ«', 'Levi Ackerman & Mike Zacharias']","['Levi Ackerman', 'Erwin Smith', 'Hange ZoÃ«', 'Mike Zacharias', 'Moblit Berner', 'Original Characters']","['Friendship', 'Developing Friendships', 'Post-Shingeki no Kyojin: Kuinaki Sentaku | Attack on Titan: No Regrets', 'Hurt/Comfort']","ØªØªØ¨Ø¹ Ø§Ù„Ù‚ØµØ© Ù„ÙŠÙØ§ÙŠ Ø§ÙƒØ±Ù…Ø§Ù† Ø®Ù„Ø§Ù„ Ø§Ù„Ø§Ø´Ù‡Ø± Ø§Ù„Ø§ÙˆÙ„Ù‰ Ù„Ø§Ù„ØªØ­Ø§Ù‚Ù‡ Ø¨ÙÙŠÙ„Ù‚ Ø§Ù„Ø§Ø³ØªØ·Ù„Ø§Ø¹ Ø¨Ø¹Ø¯ Ø§Ø­Ø¯Ø§Ø« Ø§Ù„Ø§ÙˆÙØ§ ÙˆØ§Ù„Ù…Ø§Ù†ØºØ§ Ø§Ù„Ø¬Ø§Ù†Ø¨ÙŠØ© Ù„Ù‡Ø¬ÙˆÙ… Ø§Ù„Ø¹Ù…Ø§Ù„Ù‚Ø© ""Ù„Ø§ Ù†Ø¯Ù…"" ÙˆØ¨Ø¹Ø¯ ÙˆÙØ§Ø© ØµØ¯ÙŠÙ‚ÙŠÙ‡ Ø§ÙŠØ²Ø§Ø¨ÙŠÙ„ Ùˆ ÙØ§Ù„Ø§Ø±Ù† ÙˆÙƒØ°Ù„Ùƒ Ø¬Ø§Ù†Ø¨ Ù…Ù† ØªÙÙƒÙŠØ± Ø§ÙŠØ±ÙˆÙŠÙ† ÙˆØ±Ø£ÙŠÙ‡ Ø¨Ø§Ù„Ù…Ø¬Ù†Ø¯ Ø§Ù„Ø¬Ø¯ÙŠØ¯. Ù„Ø§ ÙŠÙˆØ¬Ø¯ ØªØ´Ø¨ÙŠÙƒ ÙÙŠ Ø§Ù„Ù‚ØµØ©.",Ø§Ù„Ø¹Ø±Ø¨ÙŠØ©,"6,068",3/3,7,10,1,149
45275836,Ashes Residue,Ravensthunder,['Harry Potter - J. K. Rowling'],General Audiences,Graphic Depictions Of Violence,F/M,Work in Progress,23 Oct 2023,"['Lily Evans Potter & Severus Snape', 'James Potter/Lily Evans Potter', 'Sirius Black/Marlene McKinnon', 'Andromeda Black Tonks/Ted Tonks', 'Lucius Malfoy/Narcissa Black Malfoy', 'Bellatrix Black Lestrange & Narcissa Black Malfoy & Andromeda Black Tonks', 'Regulus Black & Sirius Black', ""Mulciber Jr. | Severus Snape's Schoolmate & Severus Snape"", 'Ted Tonks & Arthur Weasley & Original Male Character(s)', 'Remus Lupin/Mary Macdonald', 'Orion Black & Regulus Black & Sirius Black & Walburga Black', 'Sirius Black & Remus Lupin & Peter Pettigrew & James Potter', 'Mary Macdonald & Marlene McKinnon & Dorcas Meadowes & Lily Evans Potter', 'Sirius Black & Andromeda Black Tonks']","['Severus Snape', 'Lily Evans Potter', 'Remus Lupin', 'Sirius Black', 'James Potter', 'Peter Pettigrew', 'Regulus Black', 'Andromeda Black Tonks', 'Bellatrix Black Lestrange', 'Narcissa Black Malfoy', 'Molly Weasley', 'Original Female Character(s)', 'Original Male Character(s)', 'Marianne Darcy Pirvell', 'Jordan Pirvell', 'Ted Tonks', 'Arthur Weasley', 'Eileen Prince', 'Minerva McGonagall', 'Albus Dumbledore', 'Tobias Snape', 'Walburga Black', 'Orion Black', ""Cygnus Black III | Walburga Black's Brother"", 'Druella Rosier Black', ""Avery Jr. | Severus Snape's Schoolmate"", 'Wilkes (Harry Potter)', 'Evan Rosier', 'Aurora Sinistra', 'Barty Crouch Jr.', 'Lucius Malfoy', 'Tom Riddle | Voldemort', 'Augustus Rookwood', 'Madam Rosmerta (Harry Potter)', 'Queenie Goldstein', 'Jacob Kowalski']","['Marauders Era (Harry Potter)', 'Young Severus Snape', 'Marauders Friendship (Harry Potter)', 'black sisters', 'Andromeda Black Tonks Friends group', 'Bellatrix Black Lestrange have a heart', 'Character Development', 'Victim Severus Snape', 'Canonical Character Death', 'Alternate Universe - Canon', 'Child Abuse', 'Fluff and Angst', 'Blood and Violence', 'Child Neglect', 'Childhood Trauma', 'Bullied Severus Snape', 'Young Death Eaters', 'First Wizarding War with Voldemort (Harry Potter)', 'Remus Lupin Childhood', 'Fantastic beasts characters - Freeform', 'Black Family (Harry Potter) - Freeform', 'Prince family (Harry Potter) - Freeform', 'Everything Is Canon']","""ØªÙ…ÙˆØª Ø§Ù„Ø¹Ù†Ù‚Ø§Ø¡ØŒ ØªØ­ØªØ±Ù‚ØŒ ØªØªØ­ÙˆÙ‘Ù„ Ù„Ø¨Ù‚Ø§ÙŠØ§ Ø±Ù…Ø§Ø¯"" ØªØªØµØ§Ø¹Ø¯ Ø£Ø­Ø¯Ø§Ø« Ø§Ù„Ù‚ØµØ© ÙÙŠ Ø§Ù„Ø³Ø¨Ø¹ÙŠÙ†Ø§Øª Ù…Ù† Ø§Ù„Ù‚Ø±Ù† Ø§Ù„Ù…Ø§Ø¶ÙŠ ÙÙŠ Ø¨Ø±ÙŠØ·Ø§Ù†ÙŠØ§ Ø§Ù„Ø³Ø­Ø±ÙŠØ©ØŒ Ø­ÙŠØ« ÙŠØ¨Ø¯Ø£ ÙƒÙ„ Ù…Ù† Ø³ÙŠÚ¤Ø±ÙˆØ³ Ø³Ù†Ø§ÙŠØ¨ØŒ Ø±ÙŠÙ…ÙˆØ³ Ù„ÙˆØ¨ÙŠÙ†ØŒ Ø³ÙŠØ±ÙŠÙˆØ³ Ø¨Ù„Ø§ÙƒØŒ Ø¬ÙŠÙ…Ø³ Ø¨ÙˆØªØ±ØŒ Ø¨ÙŠØªØ± Ø¨ÙŠØªØ¬Ø±Ùˆ ÙˆÙ„ÙŠÙ„ÙŠ Ø¥ÙŠÙØ§Ù†Ø² Ø¹Ø§Ù…Ù‡Ù… Ø§Ù„Ø£ÙˆÙ„ ÙÙŠ Ù‡ÙˆØºÙˆØ±ØªØ³. Ù†Ø³ØªØ´Ù ØªØ·ÙˆØ± Ø´Ø®ØµÙŠØ§ØªÙ‡Ù… ÙˆØ¥Ù„Ù‰ Ù…Ø§ Ø¢Ù„Øª Ø¹Ù„ÙŠÙ‡ Ù„Ø§Ø­Ù‚Ù‹Ø§. Ø¹Ù„Ù‰ Ø§Ù„Ø¬Ø§Ù†Ø¨ Ø§Ù„Ø¢Ø®Ø±ØŒ ØªÙØ³Ø±Ø¯ Ù‚ØµØ© Ø§Ù„Ø£Ø®ÙˆØ§Øª Ø¨Ù„Ø§Ùƒ ÙˆØ¹Ù„Ø§Ù‚ØªÙ‡Ù† Ø§Ù„Ù…ØªÙˆØªØ±Ø© Ø¨Ø¨Ø¹Ø¶Ù‡Ù†ØŒ ÙˆÙ‚ØµØµ Ø£Ø®Ø±Ù‰ Ù„Ø¹Ø§Ø¦Ù„Ø§Øª Ø³Ø­Ø±ÙŠØ© Ø£Ø®Ø±Ù‰.",Ø§Ù„Ø¹Ø±Ø¨ÙŠØ©,"8,845",4/?,1,5,,217
44821201,Ø§ÙˆÙ…ÙŠØºØ§ Ø§Ù„Ù†Ù…Ø±,Anonymous,['Original Work'],Not Rated,"Graphic Depictions Of Violence, Major Character Death",M/M,Work in Progress,06 Feb 2023,[],[],"['bxb - Freeform', 'Gay', 'Love', 'MxM - Freeform', 'mate', 'Mpreg', 'omega - Freeform', 'Pack', 'protective mate', 'Werewolf', 'tiger - Freeform', 'Minor Character Death', 'Happy Ending']",ÙƒØ§Ù„ÙŠØ¨ Ù‚Ø¯ Ø§ØµØ¨Ø­ Ø¨Ø¹Ù…Ø± Ø§Ù„ØªØ§Ø³Ø¹Ø© Ø¹Ø´Ø± Ù…Ù†Ø° ÙˆÙ‚Øª Ù„ÙŠØ³ Ø¨Ø·ÙˆÙŠÙ„ ÙˆÙ…Ø§Ø²Ø§Ù„ Ø¨Ø§Ù†ØªØ¸Ø§Ø± Ø´Ø±ÙŠÙƒÙ‡. Ù„ÙŠØªÙØ§Ø¬Ø£ Ù‡Ø°Ø§ Ø§Ù„Ø£ÙˆÙ…ÙŠØºØ§ Ø¨Ù…Ù‚Ø§Ø¨Ù„ØªÙ‡ Ù„Ù†Ù…Ø± Ø°ÙƒØ± Ø¶Ø®Ù… ÙÙŠ ÙˆØ³Ø· Ø§Ù„ØºØ§Ø¨Ø©. Ø²ÙŠÚ¤ØŒ Ù†Ù…Ø± Ø¨Ø¹Ù…Ø± Ø§Ù„Ø±Ø§Ø¨Ø¹Ø© ÙˆØ§Ù„Ø¹Ø´Ø±ÙŠÙ† ÙƒØ§Ù† ÙŠØ³ØªÙ…ØªØ¹ Ø¨Ø­ÙŠØ§ØªÙ‡ Ø¨Ø¹Ø²Ù„Ø© ØªØ§Ù…Ø© Ø­ØªÙ‰ Ù‚Ø§Ù… Ø§ÙˆÙ…ÙŠØºØ§ Ù„Ø·ÙŠÙ Ø¨Ø§Ù„Ø¯Ø®ÙˆÙ„ Ø¨Ø­ÙŠØ§ØªÙ‡ Ø§Ù„Ù…ÙØ¹Ù…Ø© Ø¨Ø§Ù„Ø±ÙØ§Ù‡ÙŠØ©.,Ø§Ù„Ø¹Ø±Ø¨ÙŠØ©,59,1/?,,6,,109
43630816,Daddyâ€™s boy,Ik53,['åƒ•ã®ãƒ’ãƒ¼ãƒ­ãƒ¼ã‚¢ã‚«ãƒ‡ãƒŸã‚¢ | Boku no Hero Academia | My Hero Academia'],Explicit,Choose Not To Use Archive Warnings,M/M,Complete Work,15 Dec 2022,"['Bakugou Katsuki/Todoroki Shouto', 'Kaminari Denki/Shinsou Hitoshi']","['Todoroki Shouto', 'Bakugou Katsuki', 'Kaminari Denki', 'Shinsou Hitoshi']","['Dom/sub', 'Daddy Kink', 'Sugar Daddy Todoroki Shouto', 'Bottom Bakugou Katsuki', 'Top Todoroki Shouto', 'Porn With Plot', 'Spanking', 'Lingerie', 'Kaminari Denki is a Good Friend', 'Protective Kaminari Denki', 'Shinsou Hitoshi is So Done', 'Bakugou Katsuki is a Brat', 'Jealous Todoroki Shouto', 'Possessive Behavior', 'Misunderstandings', 'Crossdressing', 'like one time kat wears a skirt', 'Sex Toys', 'Dirty Talk', 'Angst with a Happy Ending', 'Face-Sitting', 'Side pairing shinkami']",""" ØªØ¹Ù„Ù… .. Ø§Ù†Ø§ Ø­Ù‚Ø§Ù‹ ÙƒÙ†Øª Ø£Ø®Ø·Ø· Ù„Ù„Ø£Ù†ØªØ¸Ø§Ø± Ù„Ù…Ù Ø¨Ø¹Ø¯ Ø§Ù„Ù…Ù‚Ø§Ø¨Ù„Ù‡ Ø§Ù„Ø£ÙˆÙ„Ù‰ Ù„ÙƒÙ† Ø§Ù†Øª .."" ØµÙ…Øª Ù‚Ù„ÙŠÙ„Ø§Ù‹ Ù„ÙŠÙ…Ø±Ø± Ø£ØµØ§Ø¨Ø¹Ù‡ Ø¹Ù„Ù‰ ÙØ®Ø° Ø¨Ø§ÙƒÙˆØºÙˆ Ø§Ù„Ù…ÙƒØ´ÙˆÙ Ù…Ù† Ù…Ù„Ø§Ø¨Ø³Ù‡ Ù…Ù…Ø§ Ø¬Ø¹Ù„ Ø§Ù„Ø§Ø®Ø± ÙŠØ­ÙƒÙ… Ù‚Ø¨Ø¶ØªÙ‡ Ø­ÙˆÙ„ ÙÙ…Ù‡ØŒ Ù„ØªØªÙˆØ³Ø¹ Ø§Ø¨ØªØ³Ø§Ù…Ø© Ø´ÙˆØªÙˆ ÙŠØ±ÙŠØ¯ Ø¨Ø´Ø¯Ù‘Ù‡ Ù„Ø¹Ù‚ Ø§Ù„Ø£Ø­Ù…Ø± Ø§Ù„Ù…Ù†ØªØ´Ø± Ø¹Ù„Ù‰ Ø±Ù‚Ø¨Ø© Ø§Ù„Ø£ØµØºØ± "" Ø§Ù†ØªÙ Ù…ÙØ¶ÙˆØ­ Ø¬Ø¯Ø§Ù‹ "". Ù„Ù‚Ø¯ ÙƒØ§Ù†Øª Ø­Ø±ÙƒØ© ØºØ¨ÙŠÙ‡ØŒ Ø­Ù‚Ø§Ù‹ Ù„ÙƒÙ† Ø±Ø£Ø³ Ø¨Ø§ÙƒÙˆØºÙˆ Ù„Ù… ÙŠÙƒÙ† ÙŠØ¹Ù…Ù„ Ø¹Ù†Ø¯Ù…Ø§ Ø£Ø³Ù†Ø¯ Ù†ÙØ³Ù‡ Ø¹Ù„Ù‰ Ø§Ù„Ø¬Ø³Ø¯ Ø§Ù„Ø¯Ø§ÙØ¦ Ø®Ù„ÙÙ‡ Ùˆ Ø±Ø£Ø³Ù‡ Ø¹Ù„Ù‰ ÙƒØªÙ Ø§Ù„Ø§Ø®Ø± Ù„ÙŠØ³ØªÙ†Ø´Ù‚ Ø±Ø§Ø¦Ø­Ø© Ø§Ù„Ø¨Ø¯Ù„Ù‡ Ø§Ù„ØºØ§Ù„ÙŠÙ‡ Ùˆ Ø¹Ø·Ø±Ù‡ Ø§Ù„Ø±Ø¬ÙˆÙ„ÙŠ Ø§Ù„Ø¹ÙˆØ¯ÙŠØŒ Ø§Ù„Ù„Ø¹Ù†Ù‡ Ù„Ù‚Ø¯ ÙÙƒØ± ÙÙŠ Ø§Ù„Ø¹ÙˆØ¯Ù‡ Ù„Ù…Ù†Ø²Ù„Ù‡ Ù…Ù† Ø¯ÙˆÙ† Ø§Ù„Ø­ØµÙˆÙ„ Ø¹Ù„Ù‰ Ù‚Ø·Ø¹Ø© Ù…Ù† Ø´ÙˆØªÙˆØŒ Ø­Ù‚Ø§Ù‹ Ù„ÙƒÙ†Ù‡Ù Ù„Ù… ÙŠØ£Ø®Ø° ØªØ£Ø«ÙŠØ± Ø´ÙˆØªÙˆ Ø¹Ù„ÙŠÙ‡ Ø¨Ø§Ù„Ø­Ø³Ø¨Ø§Ù†. "" Ø§Ù†Øª Ù…ØªØ£ÙƒØ¯ ØŸ "" Ø³Ø£Ù„ Ø´ÙˆØªÙˆ Ø¨ØµÙˆØª Ø®Ø§Ù„ÙŠ Ù…Ù† Ø§Ù„Ù…Ø´Ø§Ø¹Ø±ØŒ ØµÙˆØª Ø£Ù…Ù† ÙƒÙ…Ø§ Ù„Ùˆ Ø§Ù†Ù‡Ù Ù…Ø³ØªØ¹Ø¯ Ù„ØªÙ‚Ø¨Ù„ Ø§ÙŠ Ø±Ø¯ ÙŠØ£ØªÙŠ Ù…Ù†Ù‡. Ùˆ Ø±Ø¯Ù‡ Ù„Ù… ÙŠÙƒÙˆÙ† Ø³ÙÙˆÙ‰Ù Ù‡Ù…Ø³ØŒ "" Ø®ÙØ°Ù†ÙŠ "".",Ø§Ù„Ø¹Ø±Ø¨ÙŠØ©,"19,087",1/1,2,27,2,"1,220"
43286376,Mr.hunter,Ik53,['åƒ•ã®ãƒ’ãƒ¼ãƒ­ãƒ¼ã‚¢ã‚«ãƒ‡ãƒŸã‚¢ | Boku no Hero Academia | My Hero Academia'],Explicit,Graphic Depictions Of Violence,M/M,Complete Work,27 Nov 2022,['Bakugou Katsuki/Todoroki Shouto'],"['Bakugou Katsuki', 'Todoroki Shouto', 'Yagi Toshinori | All Might', 'Kaminari Denki']","['Vampire Todoroki Shouto', 'Hunter Bakugou Katsuki', 'Half werewolf katsuki', 'Omega Bakugou Katsuki', 'Non-Traditional Alpha/Beta/Omega Dynamics', 'Shameless Smut', 'Mating Bites', 'Mating Cycles/In Heat', 'Angst with a Happy Ending', 'Light Angst', 'Top Todoroki Shouto', 'Bottom Bakugou Katsuki', 'Blood Drinking', 'Rough Sex', 'Multiple Orgasms', 'Spanking']",""" ÙŠØ§Ù„Ù‡Ø§ Ù…Ù† Ø¬Ø±Ø£Ø© ... Ø§Ù† ÙŠØªØ¹Ø¯Ù‰ ØµÙŠØ§Ø¯ Ù…Ù„ÙƒÙŠØªÙŠ Ùˆ ÙŠØªØ¬ÙˆÙ„ Ø¨Ø­Ø±ÙŠØ© Ø¯Ø§Ø®Ù„ Ù‚Ù„Ø¹ØªÙŠ "". Ø¨Ø­Ø« Ø¹Ù† Ù…ØµØ¯Ø± Ø§Ù„Ù…ØªÙƒÙ„Ù… Ù„ÙŠØ¬Ø¯Ù‡ Ø£Ù…Ø§Ù…Ù‡ ÙÙŠ Ø§Ù„Ø¬Ø§Ù†Ø¨ Ø§Ù„Ù…Ø¸Ù„Ù… Ù…Ù† Ø§Ù„Ø±ÙˆØ§Ù‚ØŒ ÙŠÙ…ÙƒÙ†Ù‡ Ø±Ø¤ÙŠØ© Ø¬Ø³Ø¯ Ø£Ø­Ø¯Ù‡Ù… Ù„ÙƒÙ† Ø§Ù„Ø¸Ù„Ø§Ù… ÙŠØºØ·ÙŠÙ‡ ÙÙŠ Ø§Ù„Ù…Ù†ØªØµÙ Ù„ÙŠÙ…Ù†Ø¹ Ø§Ù„Ù…Ø²ÙŠØ¯ Ù…Ù† Ø§Ù„Ø±Ø¤ÙŠØ© ÙƒÙ„ Ù…Ø§ ÙŠØ±Ø§Ù‡ Ù‡ÙˆÙ Ø¹ÙŠÙ† Ù…Ø´Ø¹Ø© Ø¨Ø§Ù„Ù„ÙˆÙ† Ø§Ù„Ø¬ÙˆÙ‡Ø±ÙŠ Ø§Ù„ØªØ±ÙƒÙˆØ§Ø²ÙŠ .. ÙƒØ§Ù† Ø¹Ù„ÙŠÙ‡ Ø§Ù† ÙŠØ¯Ù‚Ù‚ Ù„ÙŠØ¯Ø±Ùƒ Ø¥Ù†Ù‡Ø§ Ø¹ÙŠÙ† ÙˆÙ„ÙŠØ³Øª Ø¨Ø¬ÙˆÙ‡Ø±Ø© Ù…ÙˆØ¶ÙˆØ¹Ø© Ø¹Ù„Ù‰ Ø±Ù Ù…Ø§ ØªØ¹ÙƒØ³ Ø§Ù„Ø¶ÙˆØ¡. Ø£Ø¨Ù‚Ù‰ ÙˆØ¶Ø¹ÙŠØªÙ‡ Ù…Ø³ØªØ±Ø®ÙŠØ© Ù„ÙŠØ¸Ù‡Ø± ÙƒÙˆÙ†Ù‡ Ù„ÙŠØ³ Ù‡Ù†Ø§ Ù„Ù„Ù‚ØªØ§Ù„ØŒ Ù„ÙƒÙ† Ù‡Ø°Ø§ Ù„Ø§ ÙŠØ¹Ù†ÙŠ Ø£Ù†Ù‡Ù Ù„ÙŠØ³ Ù…Ø³ØªØ¹Ø¯ Ù„Ø£ÙŠ ØªÙ‡Ø¯ÙŠØ¯ Ù‚Ø¯ ÙŠØ¸Ù‡Ø±. "" Ø£Ø¨Ø­Ø« Ø¹Ù† Ù…Ø§Ù„Ùƒ Ù‡Ø°Ù‡ Ø§Ù„Ù‚Ù„Ø¹Ù‡ "". "" ØªÙˆØ¯ÙˆØ±ÙˆÙƒÙŠ Ø´ÙˆØªÙˆØŒ Ù‡Ø§ Ø£Ù†Øª ØªÙ‚Ù Ø£Ù…Ø§Ù…Ù‡ "".",Ø§Ù„Ø¹Ø±Ø¨ÙŠØ©,"15,843",1/1,2,25,2,796
42458511,In your arms,Undersehun,"['Naruto', 'Boruto: Naruto Next Generations']",General Audiences,Choose Not To Use Archive Warnings,F/M,Work in Progress,23 Oct 2022,['Haruno Sakura/Uchiha Sasuke'],"['Uchiha Sasuke', 'Haruno Sakura', 'Uzumaki Naruto', 'Hatake Kakashi', 'Yamanaka Ino', 'Uchiha Itachi', 'Hyuuga Hinata', 'Uchiha Sarada']","['Romance', 'Fluff', 'Fluff and Angst', 'Post-Canon', 'True Love', 'Alternate Universe - Historical', 'Attempted Kidnapping', 'Training', 'Alternate Universe - Modern Setting', 'Soulmates', 'Alternate Universe - Soulmates', 'Alternate Universe - College/University', 'Fate & Destiny', 'Married Couple', 'Nightmares', 'Hurt/Comfort']",For #SSRetsudenCountDown,Ø§Ù„Ø¹Ø±Ø¨ÙŠØ©,"6,592",6/?,2,6,,685
42348999,Ø§Ø®ØªØ±ØªÙ Ø£Ù† Ø£ÙƒÙˆÙ† Ø£ÙˆØªØ´ÙŠÙ‡Ø§ Ø´ÙŠØ³ÙˆÙŠ,Anonymous,['Naruto'],Mature,Choose Not To Use Archive Warnings,"F/M, Gen",Work in Progress,08 Nov 2022,"['Uchiha Itachi & Uchiha Shisui', 'Uchiha Itachi/Uchiha Izumi', 'Uchiha Sasuke & Uchiha Shisui', 'Uchiha Fugaku & Uchiha Shisui', 'Uchiha Fugaku/Uchiha Mikoto', 'Uchiha Fugaku & Uchiha Itachi & Uchiha Mikoto & Uchiha Sasuke', 'Uchiha Itachi & Uchiha Sasuke & Uchiha Shisui', 'Uchiha Mikoto & Uchiha Shisui', 'Uchiha Izumi & Uchiha Shisui', 'Uchiha Itachi & Uchiha Izumi & Uchiha Sasuke & Uchiha Shisui']","['Uchiha Shisui', 'Uchiha Itachi', 'Uchiha Izumi', 'Uchiha Sasuke', 'Uchiha Fugaku', 'Uchiha Mikoto']","['No Uchiha Massacre', 'Uchiha Shisui Lives', 'Dark Uchiha Shisui', 'Uchiha Shisui Being an Asshole', 'Psychological Torture', 'Shisui is freaking scary', 'Uchiha Itachi Being a Good Brother', 'Uchiha Itachi Needs a Hug', 'Itachi and Izumi are madly in love', 'Tragic Romance', 'Everything Hurts', 'Itachi is depressed', 'Angst and Hurt/Comfort', 'Emotional Manipulation', 'Ø¹Ø±Ø¨ÙŠ | Arabic', 'Tags May Change', 'Psychological Horror', 'Dove Dead Do No Eat']",Ù‚Ø¨Ù„ Ø«Ù„Ø§Ø«Ø© Ø£ÙŠØ§Ù… Ù…Ù† ØªÙ†ÙÙŠØ° Ø®Ø·Ø© Ø´ÙŠØ³ÙˆÙŠ Ø§Ù„Ù…ØªÙÙ‚ Ø¹Ù„ÙŠÙ‡Ø§ ÙÙŠ Ø§Ø³ØªØ®Ø¯Ø§Ù… Ø§Ù„ÙƒÙˆØªÙˆ Ø£Ù…Ø§ØªØ³ÙˆÙƒØ§Ù…ÙŠ Ø®Ø§ØµØªÙ‡ Ø¹Ù„Ù‰ ÙÙˆØºØ§ÙƒÙˆØŒ ÙŠØ¹Ù‚Ø¯ Ø´ÙŠØ³ÙˆÙŠ Ø§Ù„Ø¹Ø²Ù… ÙÙŠ Ø¥Ø­Ø¯Ù‰ Ù„ÙŠØ§Ù„ÙŠ ÙƒÙˆÙ†ÙˆÙ‡Ø§ Ø§Ù„Ù…Ù‚Ù…Ø±Ø© Ø¹Ù„Ù‰ Ø®ÙŠØ§Ù†Ø© Ø§Ù„Ù‚Ø±ÙŠØ© Ùˆ Ø®ÙŠØ§Ù†Ø© Ø£Ø¹Ø² ØµØ¯ÙŠÙ‚ Ù„Ù‡ØŒ Ø¥ÙŠØªØ§ØªØ´ÙŠ,Ø§Ù„Ø¹Ø±Ø¨ÙŠØ©,"2,584",2/?,2,8,,222
41210637,Apollo Academy | Ø£ÙƒØ§Ø¯ÙŠÙ…ÙŠØ© Ø£Ø¨ÙˆÙ„Ùˆ,inkpanther,['Apollos'],Teen And Up Audiences,No Archive Warnings Apply,F/M,Work in Progress,29 Aug 2022,[],"['Alexander Royale', 'Diana Brave', 'Ajax Black', 'Artemesia Jules', 'Marvin Redlas', 'Arkett Hood', 'Grace Thunder', 'Malik Zeydan', 'Yara Malik']",[],,Ø§Ù„Ø¹Ø±Ø¨ÙŠØ©,"55,096",16/50,10,210,,"3,101"
40753224,Ø§Ù„Ù‚Ø· ÙŠØ³Ù‚Ø·,fandom Nastoyashee Sveklo 2022 (Nastoyashee_Sveklo),['Falling Cat (1894)'],General Audiences,No Archive Warnings Apply,Gen,Complete Work,02 Aug 2022,[],['Cat - Character'],[],,Ø§Ù„Ø¹Ø±Ø¨ÙŠØ©,4,1/1,,5,,68
40391523,Ø£Ù…ÙŠ! Ù„Ù… Ø§Ø®ØªÙÙ‰ Ø§Ù„Ù‚Ù…Ø±ØŸ,Theloloroses,['Original Work'],General Audiences,No Archive Warnings Apply,Gen,Complete Work,18 Jul 2022,[],['Original Characters'],"['Moon', 'Cheese', 'the faces of the moon', 'Ø§Ø·ÙˆØ§Ø± Ø§Ù„Ù‚Ù…Ø±', 'Ø¬Ø¨Ù†', 'Ù‚Ù…Ø±', 'ØªØ³Ø§Ø¦Ù„', 'Ù‚ØµÙ‡ Ù‚ØµÙŠØ±Ø©']",,Ø§Ù„Ø¹Ø±Ø¨ÙŠØ©,176,1/1,4,7,,81
40171617,Father kim rok soo,Toshi0,"[""ë°±ì‘ê°€ì˜ ë§ë‚˜ë‹ˆê°€ ë˜ì—ˆë‹¤ - ìœ ë ¤í•œ | Lout of Count's Family | Trash of the Count's Family - Yulyeohan""]",General Audiences,Choose Not To Use Archive Warnings,Other,Work in Progress,29 Jul 2022,['Cale Henituse | Kim Rok Soo & Original Cale Henituse'],"['Cale Henituse | Kim Rok Soo', 'Original Cale Henituse']",[],ÙƒÙŠÙ… Ø±ÙˆÙƒ Ø³Ùˆ Ø§Ø®Ø° Ø§Ø¬Ø§Ø²Ø© Ù…Ù† Ø¹Ù…Ù„Ù‡ Ø­ÙŠØ« ÙŠÙ‚Ø±Ø§Ø¡ Ø±ÙˆØ§ÙŠØ© ÙˆÙ„Ø§Ø¯Ø© Ø¨Ø·Ù„ Ùˆ Ø¹Ù†Ø¯Ù…Ø§ ÙƒØ§Ù† ÙÙŠ Ø§Ù„Ù…Ø·Ø¨Ø® ÙŠØ·Ø¨Ø® Ù…Ù† Ø§Ø¬Ù„ Ø¬ÙˆØ¹Ù‡ Ø³Ù…Ø¹ Ø¶ÙˆØ¶Ø§Ø¡ ÙÙŠ ØºØ±ÙØªÙ‡ Ùˆ Ø°Ù‡Ø¨ Ù‡Ù†Ø§Ùƒ Ù„ÙŠØ¬Ø¯ Ø®Ø§Ø¯Ù…Ø© ØªØ®Ù†Ù‚ Ø·ÙÙ„Ø§Ù‹ Ø°Ø§ Ø´Ø¹Ø± Ø¯Ù…ÙˆÙŠ ÙØ§Ù‚Ø¯ Ù„ÙˆØ¹ÙŠÙ‡ Ùˆ Ø§Ù„Ø°ÙŠ ÙƒØ§Ù† Ù…Ø¸Ù‡Ø±Ù‡ ÙŠØªØ´Ø§Ø¨Ù‡ Ù…Ø¹ ÙˆØµÙ Ø±ÙˆØ§ÙŠØ© ÙˆÙ„Ø§Ø¯Ø© Ø¨Ø·Ù„ Ù„Ø´Ø±ÙŠØ± Ø§Ù„Ù…ØµØºØ± ÙƒØ§ÙŠÙ„ Ù‡ÙŠÙ†ØªÙˆØ³,Ø§Ù„Ø¹Ø±Ø¨ÙŠØ©,"1,463",5/?,14,92,7,"1,230"
39963567,eleventh grade ses program,lyn4,['Skins (UK)'],Explicit,Major Character Death,No category,Complete Work,29 Jun 2022,['James Cook/Effy Stonem'],"['James Cook (Skins UK)', 'Effy Stonem']",[],,Ø§Ù„Ø¹Ø±Ø¨ÙŠØ©,"1,598",2/2,,2,,215
39874551,Ø­Ù„Ù…Øª Ø¨Ø­ÙŠØ§Ø© Ù„ÙƒÙ†Ù‡Ø§ Ø®Ø°Ù„ØªÙ†ÙŠ Ù…Ø±ØªÙŠÙ† (Ø§Ù†Ø§ Ù„Ø§ Ø§Ø±ÙŠØ¯ ØªØ¬Ø±Ø¨ØªØ§ Ø§Ø®Ø±ÙŠ ),Hadager,"['Ø§ÙƒØ§Ø¯ÙŠÙ…ÙŠØ© Ø¨Ø·Ù„ÙŠ', 'Ø§ÙƒØ§Ø¯ÙŠÙ…ÙŠØ© Ø¨Ø·Ù„ÙŠ Ù„Ù„Ø£Ø¨Ø·Ø§Ù„', 'Ù†Ø§Ø±ÙˆØªÙˆ']",Not Rated,"Graphic Depictions Of Violence, Major Character Death, Rape/Non-Con",Gen,Work in Progress,25 Jun 2022,['Ø§ÙŠØ²Ø§ÙˆØ§ Ø´ÙˆØªØ§ / ÙŠØ§Ù…Ø§Ø¯Ø§ Ù‡ÙŠØ²Ø§Ø´ÙŠ'],"['ÙŠØ§Ù…Ø§Ø¯Ø§ Ù‡ÙŠØ²Ø§Ø´ÙŠ ØŒ Ø§Ù†Ø«ÙŠ Ø§ÙŠØ²Ø§ÙˆØ§ Ø´ÙˆØªØ§ ØŒ', 'Ø¨Ø§ÙƒØ§ØºÙˆ ÙƒØ§ØªØ³ÙˆÙƒÙŠ ØŒ Ø§ÙŠØ²ÙˆÙƒÙŠ Ù…ÙŠØ¯ÙˆØ±ÙŠØ§']","['Ø§ÙƒØªØ¦Ø§Ø¨ Ø§Ø°ÙŠØ© Ù†ÙØ³ ÙƒÙ„ Ø´Ø¦ Ø³Ø¦', 'ÙƒØ±Ø§Ù‡ÙŠØ© Ù†ÙØ³', 'Ø³Ø§Ø¬Ø¹Ù„Ù‡Ø§ Ù‚ØµØ© Ø³Ø±ÙŠØ¹Ø© ØŒ Ù„Ø£Ù† Ù„ÙŠØ³ Ù„ÙŠ Ø§ÙÙƒØ§Ø± . Ù‚Ø¯ Ø§ØµÙ†Ø¹Ù‡Ø§ ÙƒØ³Ù„Ø³Ù„Ø© Ø±Ø¨Ù…Ø§']",Ù„Ù… ØªØ­ØµÙ„ Ø´Ø®ØµÙŠØªÙŠ Ø¹Ù„ÙŠ Ø§Ù„Ø­Ø¨ ÙÙŠ Ø­ÙŠØ§ØªÙ‡Ø§ Ø§Ù„Ø§ÙˆÙ„ÙŠ ØŒ Ù„ÙƒÙ†Ù‡Ø§ Ø­ØµÙ„Øª Ø¹Ù„ÙŠÙ‡ Ù…Ù† Ù‚Ø¨Ù„ Ø§Ù…Ù‡Ø§ Ùˆ Ø§Ù‚Ø³Ù…Øª Ø¹Ù„ÙŠ Ø­Ù…Ø§ÙŠØªÙ‡Ø§ Ù„ÙƒÙ† Ù…Ø§ Ø§Ù† Ø¨Ù„ØºØª 5 Ø­ØªÙŠ Ù‡Ø§Ø¬Ù…ÙˆØ§ Ø¹Ù„ÙŠ Ø§Ù…Ù‡Ø§ Ù…Ø­Ø§ÙˆÙ„Øª Ø§Ù†Ù‚Ø§Ø°Ù‡Ø§ Ø§ØµÙŠØ¨Øª Ù‡ÙŠ Ø¨ØªÙ‚Ù†ÙŠØ© Ø§Ø®Ø°ØªÙ‡Ø§ Ù„ 2000 Ø³Ù†Ø© Ø§Ù„ÙŠ Ù…Ø³ØªÙ‚Ø¨Ù„ . ØªØ±ÙŠØ¯ Ø§Ù„Ø¹ÙˆØ¯Ø© Ø§Ù„ÙŠ Ù…Ù†Ø²Ù„ ÙˆØ§Ù…Ù‡Ø§ Ù„ÙŠØ³ Ù„Ø¯ÙŠÙ‡Ø§ Ù…ÙƒØ§Ù† Ù‡Ù†Ø§ ÙˆØ§ÙØ¶Ù„ Ù…ÙƒØ§Ù† Ù„Ø¬Ù…Ø¹ Ø§Ù„Ù…Ø¹Ù„ÙˆÙ…Ø§Øª Ù‡ÙŠ Ø´Ø±ÙŠØ± Ù„ÙƒÙ† Ù„Ø§ ØªØ±ÙŠØ¯ Ø§Ù† ÙŠÙ‚Ø¨Ø¶ Ø¹Ù„ÙŠÙ‡Ø§ Ø¨Ø³Ø±Ø¹Ø© Ù„Ø°Ø§ Ø§ØµØ¨Ø­Øª Ø¨Ø·Ù„ ØªØ­Øª Ø§Ù„Ø£Ø±Ø¶ Ù„Ø¬Ù…Ø¹ Ø§ÙŠ Ø´Ø¦ Ù‚Ø¯ ÙŠÙƒÙˆÙ† Ù…ÙÙŠØ¯ ØŒ Ù„ÙƒÙ† Ø­Ø¯Ø« Ø´Ø¦ Ø§Ø¬Ø¨Ø±Ù‡Ø§ Ø§Ù† ØªØµØ¨Ø­ Ø¨Ø·Ù„Ø§ ØŒ Ù…Ø§Ù‡Ùˆ ØŸ,Ø§Ù„Ø¹Ø±Ø¨ÙŠØ©,"2,653",2/?,,2,,76
39672090,Ø±Ù‚ØµØ© Ø¬Ù†ÙŠØ© Ø§Ù„Ø³ÙƒØ± || ÙŠÙˆÙ†Ø¨ÙŠÙ†,sourcore,['TOMORROW X TOGETHER | TXT (Korea Band)'],Not Rated,"Choose Not To Use Archive Warnings, No Archive Warnings Apply",M/M,Complete Work,10 Jul 2023,"['Choi Soobin/Choi Yeonjun', 'Yeonbin - Relationship']","['Choi Yeonjun', 'Choi Soobin', 'yeonbin - Character', 'Hurt/com - Character']","['Enemies to Lovers', 'Dancer Choi Yeonjun', 'Platonic Male/Male Relationships', 'Ballet', 'Slow Romance', ""I Can't Believe I Wrote This"", 'Crying', 'Heartache', 'Yeonbin', 'MOA - Freeform', 'Rollercoaster Feelings', 'One and Only Love', 'Ballet Dancer', 'proscenium', 'country side', 'Blond Yeonjun', 'Multiple chapters', 'Cottage core', 'References to The Nutcracker', 'Swan Lake - Freeform', 'Trust Issues', 'dreamy', '1960s', 'vintage', 'Falling In Love', 'no hope', 'Mythology - Freeform', 'there will be a future oneshot after this for side characters', 'future sequel', 'Fluff', 'Angst', 'Hate to Love', 'Love/Hate', 'red haired soobin', 'Disability', 'Hurt/Comfort', 'Angst and Hurt/Comfort', 'Choi Soobin Is Bad At Feelings', 'Hurt Choi Yeonjun']",,Ø§Ù„Ø¹Ø±Ø¨ÙŠØ©,"54,733",34/34,42,35,3,905
39156021,Ù…ÙØ±Ø¨Ù‘ÙÙ€Ù‰Ù°,crameillotte (profailantism),['Original Work'],General Audiences,No Archive Warnings Apply,"F/M, Gen",Complete Work,28 May 2022,[],"['Original Characters', 'Original Female Character(s)', 'Original Male Character(s)']","['Fluff', 'Bakery and Coffee Shop', 'My First AO3 Post', 'Original Character(s)', 'Emotional Baggage', 'Ø¹Ø±Ø¨ÙŠ | Arabic']",,Ø§Ù„Ø¹Ø±Ø¨ÙŠØ©,267,2/2,7,13,1,265
38061052,Ø§Ù„Ø´Ù…Ø³ Ø§Ù„Ù…Ø­ØªØ±Ù‚Ø©,1996jijijihan,"['ENHYPEN - Fandom', 'TOMORROW X TOGETHER | TXT (Korea Band)', 'SEVENTEEN (Band)', 'ë°©íƒ„ì†Œë…„ë‹¨ | Bangtan Boys | BTS', 'TREASURE (Korea Band)', 'ì—¬ìì¹œêµ¬ | GFriend (Band)']",Not Rated,Choose Not To Use Archive Warnings,No category,Complete Work,30 Mar 2022,[],"['Park Sunghoon (ENHYPEN)', 'Yang Jungwon', 'Lee Heeseung', 'Park Jongseong | Jay', 'Sim Jaeyun | Jake', 'Kim Sunoo (ENHYPEN)', 'Nishimura Riki | Ni-ki', 'Sick park sunghoon - Character']",['Angst'],ÙƒØ§Ù† Ø³ÙˆÙ†ØºÙ‡ÙˆÙ† ÙŠØ¹ÙŠØ´ Ø­ÙŠØ§Ø© Ù…Ø«Ø§Ù„ÙŠØ© Ø®Ø§Ù„ÙŠØ© Ù…Ù† Ø§Ù„Ù…Ø´Ø§ÙƒÙ„ ÙÙ‚Ø¯ ÙƒØ§Ù† Ù„Ù‡ ÙˆØ§Ù„Ø¯Ø§Ù† Ù…Ø­Ø¨Ø§Ù†ØŒ Ø£ØµØ¯Ù‚Ø§Ø¡ Ù…Ø±Ø­ÙŠÙ†ØŒ Ù…Ø¹Ø¬Ø¨ÙŠÙ†ØŒ ÙˆØ´Ø¹Ø¨ÙŠØ© ÙƒØ¨ÙŠØ±Ø© Ù„ÙƒÙˆÙ†Ù‡ Ù…ØªØ²Ù„Ø¬Ø§ Ù…Ø­ØªØ±ÙØ§ ÙˆÙˆØ³ÙŠÙ…Ø§ØŒ ÙˆÙ„ÙƒÙ† Ø¯ÙˆØ§Ù… Ø§Ù„Ø­Ø§Ù„ Ù…Ù† Ø§Ù„Ù…Ø­Ø§Ù„ ÙÙ‚Ø¯ Ø§Ù†Ù‡Ø§Ø± Ø¹Ø§Ù„Ù…Ù‡ Ø§Ù„Ù…Ø«Ø§Ù„ÙŠ ÙÙŠ Ù„Ø­Ø¸Ø© ÙˆÙÙ‚Ø¯ ÙƒÙ„ Ù…Ø§ ÙŠÙ…Ù„ÙƒÙ‡ØŒ Ù…Ø§Ø°Ø§ Ø³ÙŠØ­Ø¯Ø« Ù„Ø³ÙˆÙ†ØºÙ‡ÙˆÙ† Ø¨Ø¹Ø¯ Ø£Ù† ØªØ®Ù„Ù‰ Ø¹Ù†Ù‡ Ø£Ø¨Ù†Ø§Ø¡ Ø¬Ù†Ø³Ù‡ØŸ ÙˆÙ‡Ù„ Ø³ÙŠØ¬Ø¯ Ø§Ù„Ø¯ÙØ¡ Ø¨ÙŠÙ† ÙˆØ­ÙˆØ´ Ù…ØªØ¹Ø·Ø´Ø© Ù„Ù„Ø¯Ù…Ø§Ø¡ØŸ  Ù‡Ø°Ù‡ Ø§Ù„Ù‚ØµØ© Ø®Ø§Ù„ÙŠØ© Ù…Ù† Ø§Ù„Ø¹Ù„Ø§Ù‚Ø§Øª Ø§Ù„Ù…Ø­Ø±Ù…Ø©ØŒ ÙˆÙ„Ù† ØªØ¬Ø¯ÙˆØ§ ÙÙŠÙ‡Ø§ Ø¥Ù„Ø§ Ø¹Ù„Ø§Ù‚Ø© Ø§Ù„ØµØ¯Ø§Ù‚Ø© ÙˆØ§Ù„Ø£Ø®ÙˆØ© â˜ºï¸,Ø§Ù„Ø¹Ø±Ø¨ÙŠØ©,"3,966",4/4,,3,,86
37324096,The end,Pitchblackdog,['Supernatural (TV 2005)'],Mature,"Graphic Depictions Of Violence, Major Character Death, Rape/Non-Con",M/M,Complete Work,23 Feb 2022,"['Castiel/Dean Winchester', 'Endverse Castiel/Endverse Dean Winchester', 'Castiel/Endverse Castiel/Dean Winchester/Endverse Dean Winchester', 'Castiel/Lucifer (Supernatural)', 'Endverse Castiel /lucfier']","['Castiel (Supernatural)', 'Endverse Castiel (Supernatural)', 'Endverse Dean Winchester', 'The Devil', 'Lucifer (Supernatural)', 'God | Chuck Shurley', 'Endverse Chuck Shurley', 'Sam Winchester']","['Hurt/Comfort', 'Pain', 'Drug Addiction', 'Power Bottom Castiel (Supernatural)', 'Top Lucifer (Supernatural)', 'Anal Sex', 'Stalking', 'Post-Apocalypse', 'Orgasm Delay/Denial', 'Hand Jobs', 'Body Worship', 'Hurt Castiel (Supernatural)', 'Heaven & Hell', 'Morality', 'Implied/Referenced Suicide', 'Self-Sacrifice', 'Emotional Manipulation', 'Loneliness', 'Depression', 'Episode: s05e04 The End', 'Post-Episode: s05e04 The End']","""Ø§Ø¯Ø±ÙƒØª ÙÙŠ Ù…Ø§ Ø¨Ø¹Ø¯ Ø£Ù† Ø§Ù„Ø´ÙŠØ¦ Ø§Ù„ÙˆØ­ÙŠØ¯ Ø§Ù„Ù…ØªØ¨Ù‚ÙŠ Ù„Ù†Ø§ Ø§Ù†Ø§ Ùˆ Ø¯ÙŠÙ† Ù‡Ùˆ Ø¨Ø¹Ø¶Ù†Ø§ Ø§Ù„Ø¨Ø¹Ø¶..Ø¥Ù† Ù‚Ø§Ù„ Ø¥Ù†Ù‡ Ù‚Ø¯ Ø­Ø§Ù† Ø§Ù„ÙˆÙ‚Øª Ù„Ù„Ù…ÙˆØª ÙÙŠ Ù„Ù‡ÙŠØ¨ Ù…Ù† Ø§Ù„Ù…Ø¬Ø¯..ÙÙ„Ù† Ø§ØªØ±Ø¯Ø¯ ÙÙŠ Ø§Ù„Ø°Ù‡Ø§Ø¨ Ù…Ø¹Ù‡..ÙÙŠ Ø§Ù„Ù†Ù‡Ø§ÙŠØ©..Ù‡Ø°Ù‡ Ù‡ÙŠ Ø·Ø±ÙŠÙ‚ØªÙŠ ÙÙŠ Ø§Ù„Ù…Ø¶ÙŠ Ù‚Ø¯Ù…Ø¢.."" Ø±Ù†Øª ØªÙ„Ùƒ Ø§Ù„ÙƒÙ„Ù…Ø§Øª ÙÙŠ Ø±Ø§Ø³ ÙƒØ§Ø³ Ø±Ù†ÙŠÙ† Ø§Ù„Ø¬Ø±Ø³ Ùˆ Ù‡Ùˆ ÙŠØ­Ø§ÙˆÙ„ Ø§Ù† ÙŠØ±ØªØ¨ ØµÙˆØ±Ø© ÙˆØ§Ø¶Ø­Ø© Ù„Ù…Ø§ Ø­Ø¯Ø« Ø£Ù…Ø§Ù…Ù‡..Ø±Ø¨Ù…Ø§ ÙŠÙƒÙˆÙ† Ø°Ù„Ùƒ Ø¨Ø³Ø¨Ø¨ ØªØ£Ø«ÙŠØ± ØºÙŠØ§Ø¨ Ù…Ø®Ø¯Ø± Ø§Ù„Ø§Ø¨Ø³Ù†Ø«ÙŠÙ† ÙÙŠ Ø¹Ø±ÙˆÙ‚Ù‡ Ùˆ Ø±ØºØ¨Ø© Ø¬Ø³Ø¯Ù‡ ÙÙŠÙ‡. Ø£Ùˆ Ø¨Ø³Ø¨Ø¨ ÙÙ‚Ø¯Ø§Ù† Ø§Ù„Ø¯Ù… Ù…Ù† ØµØ¯Ø±Ù‡  Ùˆ Ø¨Ø·Ù†Ù‡ Ø§Ù„Ù…Ø«Ù‚Ø¨ØªÙŠÙ† Ø¨Ø±ØµØ§Øµ Ù…Ù† Ø¨Ù†Ø§Ø¯Ù‚ Ø²Ù…Ù„Ø§Ø¡Ù‡ Ø§Ù„Ø°ÙŠÙ† ØªÙ„Ø¨Ø³ØªÙ‡Ù… Ø§Ù„Ø´ÙŠØ§Ø·ÙŠÙ†  . Ù‡Ùˆ Ù„Ø§ ÙŠØ¹Ù„Ù… Ù„Ø°Ø§ Ù‚Ø¯ Ø£ØºÙ„Ù‚ Ø¹ÙŠÙ†ÙŠÙ‡.",Ø§Ù„Ø¹Ø±Ø¨ÙŠØ©,"14,788",1/1,2,7,1,421
36266926,The Dragon Red,Toshi0,"[""ë°±ì‘ê°€ì˜ ë§ë‚˜ë‹ˆê°€ ë˜ì—ˆë‹¤ - ìœ ë ¤í•œ | Lout of the Count's Family - Yulyeohan"", ""Lout of Coun't famil""]",General Audiences,Choose Not To Use Archive Warnings,Other,Work in Progress,07 Jan 2022,"['Original Cale Henituse/Amiru Ubarr', 'Alberu Crossman & Hong & Raon Miru & On', 'Star white', 'cale /kim rok soo', 'armmbe dragon']",['Aelin Ashryver Galathynius | Celaena Sardothien'],"[""Dragon's Edge (How to Train Your Dragon)""]",Ù‡Ø°Ø§ Ø§ÙˆÙ„ Ø¹Ù…Ù„ Ù„ÙŠ Ùƒ ÙØ§Ù† Ù„ Ù‚Ù…Ø§Ù…Ø© Ø¹Ø§Ø¦Ù„Ø© Ø§Ù„ÙƒÙˆÙ†Øª Ù„Ø°Ø§ Ø³Ø§ÙƒÙˆÙ† Ù…Ø®Ù„ØµØ§Ù‹ Ù„Ù„Ø¹Ù…Ù„ Ùˆ Ø§ØªÙ…Ù†Ù‰ Ø§Ù† ÙŠØ¹Ø¨Ø¬Ùƒ Ù„ÙƒÙ† Ù„Ø§ ØªØªØ³Ø±Ø¹ Ø¨ Ø§Ù„Ø­ÙƒÙ… Ø­Ø³Ù†Ø§Ù‹ØŸ Ø§Ù„Ø­Ø§Ù„Ø©:Ù…Ø³ØªÙ…Ø± Ø¹Ø¯Ø¯ Ø§Ù„ÙØµÙˆÙ„:Ù¡/Ù¥ Ø§Ù„Ù‚ØµØ©: Ø¨ÙŠÙ†Ù…Ø§ Ù†Ø­Ù† Ù†ØªÙƒÙ„Ù… Ø¹Ù† Ø§Ù„ØªÙ†Ø§Ù†ÙŠÙ† Ù†ØªÙƒÙ„Ù… Ø¹Ù† ØªÙ†Ø§Ù†ÙŠÙ† Ù…Ù† Ø¨Ø¹Ø¯ Ùˆ Ø²Ù…Ù† Ù…Ø®ØªÙ„Ù ÙƒØ³ÙˆÙ„ ØŒ Ø¹Ù†Ø¯Ù…Ø§ ÙŠØ¹ØªÙ‚Ø¯ Ø§Ù„Ø¬Ù…ÙŠØ¹ Ø¨Ø§Ù† Ø§Ù„ØªÙ†ÙŠÙ† Ø§Ù„Ø§Ø­Ù…Ø± <Ø§Ø® Ø±ÙˆØ§Ù†> Ù…ÙŠØªØŒ Ø¨ÙŠÙ†Ù…Ø§ Ù‡Ùˆ ÙŠØ¹Ù…Ù„ Ø®Ù„Ù Ø§Ù„ÙƒÙˆØ§Ù„ÙŠØ³ Ùˆ ÙŠØ¹Ù‚Ø¯ Ø§Ù„ØµÙÙ‚Ø§Øª Ù…Ù† Ø§Ø¬Ù„ Ø§Ù†Ù‚Ø§Ø° Ø±ÙˆØ§Ù† Ù…ÙŠØ±Ùˆ Ø§Ø®Ù‡ Ø§Ù„Ø§ØµØºØ± Ø¯ÙˆÙ† Ø¹Ù„Ù… Ø§Ø­Ø¯ ØŒ Ù…Ø¹ Ø­Ù„Ù… Ø¨Ø§Ù† ÙŠØµØ¨Ø­ ÙƒØ§ØªØ¨ Ù…Ø´Ù‡ÙˆØ± Ùˆ ÙŠØ´Ø¹Ø± Ø¨Ø§Ù†Ù‡ Ø­Ù„Ù… Ù„Ø§ ÙŠØªØ³Ø­Ù‚ Ø§Ù„ØªÙ†Ø§Ù†ÙŠÙ† Ø§Ù„Ø§Ù‡ØªÙ…Ø§Ù… Ø¨Ù‡ ÙŠØ®Ø¨Ø±Ù‡ ÙØ±Ø¯ Ù…Ù† Ø¹Ø§Ø¦Ù„ØªÙ‡ Ø§Ùˆ Ù…Ù†Ù‚Ø°Ù‡ Ø¨Ø§Ù†Ù‡ Ø­Ù„Ù… Ø¬Ù…ÙŠÙ„ Ù…Ø¹ Ù…ØºØ§Ù…Ø±Ø§Øª Ø§Ù„ØªÙŠÙ† Ø§Ù„Ø§Ø­Ù…Ø± Ùˆ Ø§Ù„Ø§Ø®Øª Ø±ÙŠÙ† Ø³Ù†Ø¹Ø±Ù ÙƒÙŠÙ ØªÙ… Ø§Ù†Ù‚Ø§Ø° Ø§Ù„ØªÙ†ÙŠÙ† Ø§Ù„Ø§Ø­Ù…Ø± Ùˆ ÙƒÙŠÙ ÙˆØµÙ„ Ø§Ù„Ø§Ù…Ø± Ø¨ Ø®Ø¯Ø§Ø¹ Ø§Ù„Ù†Ø¬Ù… Ø§Ù„Ø§Ø¨ÙŠØ¶ Ø¯ÙˆÙ† Ø§Ù† ÙŠØ¯Ø±Ùƒ Ø°Ø§Ù„Ùƒ,Ø§Ù„Ø¹Ø±Ø¨ÙŠØ©,"6,082",2/7,5,8,,390
35752609,I can never go home ( it's where you are ),Anonymous,['ATEEZ (Band)'],General Audiences,No Archive Warnings Apply,M/M,Complete Work,10 Jan 2022,['Kim Hongjoong/Park Seonghwa'],"['Kim Hongjoong', 'Park Seonghwa']","['Childhood Friends', 'Nostalgia', 'Small Towns', 'Idol Kim Hongjoong', 'hometown boy seonghwa', 'Pining', 'Implied Sexual Content', 'Religious Imagery & Symbolism', 'Angst with a Happy Ending', 'Homophobia', 'Implied/Referenced Cheating', 'will you still read this if I translate it to english after December ends?']",ÙˆÙ‡Ùˆ Ù„Ø§ ÙŠÙ†Ø¯Ù… Ø¹Ù„Ù‰ Ø§ÙŠ Ù‚Ø±Ø§Ø± Ø§ØªØ®Ø°Ù‡ØŒ Ù„Ø£Ù†Ù‡ Ø¹Ù„Ù… ØªÙ…Ø§Ù…Ø§ Ù…Ø§ Ø§Ù„Ø°ÙŠ Ø£ÙˆÙ‚Ø¹ Ù†ÙØ³Ù‡ Ø¨Ù‡ Ø¹Ù†Ø¯Ù…Ø§ Ø±ÙƒØ¨ ÙÙŠ Ø¢Ø®Ø± Ù‚Ø·Ø§Ø± Ù…ØºØ§Ø¯Ø± Ù…Ù† Ù‡Ø°Ù‡ Ø§Ù„Ø¨Ù„Ø¯Ø© Ø§Ù„ØµØºÙŠØ±Ø© Ù„Ù„Ù…Ø¯ÙŠÙ†Ø© Ø§Ù„ÙƒØ¨ÙŠØ±Ø© Ø¨Ø§Ù„Ø§Ø¶ÙˆØ§Ø¡ Ø§Ù„Ø¨Ø±Ø§Ù‚Ø© Ø§Ù„Ù…ÙØ¹Ù…ÙŠØ© Ù„Ø£Ù†Ù‡ Ø¹Ù„Ù… Ø¨Ø£Ù†Ù‡ Ù‚Ù„Ø¨Ù‡ Ù„Ù† ÙŠØªØ®Ø·Ù‰ Ø³ÙˆÙ†Ù‚Ù‡ÙˆØ§ Ù…Ù‡Ù…Ø§ Ø®Ø§Ø¶ ØªØ¬Ø§Ø±Ø¨ Ù…Ø´ÙˆÙ‚Ø© ÙˆØ¹Ù„Ø§Ù‚Ø§Øª Ø¬Ø¯ÙŠØ¯Ø©ØŒ Ù„Ø£Ù†Ù‡ Ø¹Ù„Ù… Ø¨Ø£Ù†Ù‡ Ù„Ù† ÙŠÙ†Ø³Ù‰ Ø´Ø¨Ø­ ÙŠØ¯ÙŠÙ‡ Ø§Ù„Ø¯Ø§ÙØ¦Ø© ÙˆÙ‡ÙŠ ØªÙ„Ù…Ø³ Ø¬Ù…ÙŠØ¹ ØªÙØ§ØµÙŠÙ„ Ø¬Ø³Ø¯Ù‡ØŒ Ø¹Ù„Ù… Ø¨Ø£Ù†Ù‡ Ù„Ù† ÙŠÙ†Ø³Ù‰ Ù„Ø­Ø¸Ø§ØªÙ‡Ù… Ø§Ù„Ù…Ø³Ø±ÙˆÙ‚Ø© Ø®Ù„Ù Ø§Ù„Ø£Ø¨ÙˆØ§Ø¨ Ø§Ù„Ù…ØºÙ„Ù‚Ø© ÙˆØ¯ÙˆØ±Ø§Øª Ø§Ù„Ù…ÙŠØ§Ù‡ Ø§Ù„Ù…Ø¯Ø±Ø³ÙŠØ© Ø§Ù„Ù‚Ø°Ø±Ø©ØŒ Ø¹Ù„Ù… Ø¨Ø£Ù† Ø´ÙØ§Ù‡ Ø³ÙˆÙ†Ù‚Ù‡ÙˆØ§ Ø§Ù„Ø¨Ø±ÙŠØ¦Ø© Ø­ÙŠÙ†Ø°Ø§Ùƒ Ø³ÙˆÙ ØªØ­ÙØ± Ø·Ø¨Ø¹ØªÙ‡Ø§ Ø¨Ø¬Ù„Ø¯Ù‡ ÙƒØ§Ù„Ø­Ø¨Ø±. Ù„ÙƒÙ†Ù‡ Ù„Ù… ÙŠØ¹Ù„Ù… Ø¨Ø£Ù†Ù‡ Ø³ÙˆÙ ÙŠØ´Ø¹Ø± Ø¨Ø§Ù„Ø­Ù†ÙŠÙ† Ù„Ù‡ ÙƒÙ„ Ù…Ø±Ø© ÙŠØ¹ÙˆØ¯ ÙÙŠÙ‡Ø§ Ù„Ù…ÙˆØ·Ù†Ù‡ØŒ Ø¨Ø£Ù† Ø±Ø§Ø¦Ø­Ø© Ø§Ù„Ø£Ø¹ÙŠØ§Ø¯ ÙˆØ§Ù„Ø´ØªØ§Ø¡ ÙˆÙƒÙ„ Ø§ØºÙ†ÙŠØ© Ø­Ø¨ Ø³Ø§Ø°Ø¬Ø© Ø³ÙˆÙ ØªØ°ÙƒØ±Ù‡ Ø¨Ù‡.,Ø§Ù„Ø¹Ø±Ø¨ÙŠØ©,"12,391",3/3,4,10,1,224
35630056,I can never go home ( it's where you are ),Anonymous,['ATEEZ (Band)'],Mature,No Archive Warnings Apply,M/M,Work in Progress,10 Dec 2021,['Kim Hongjoong/Park Seonghwa'],"['Kim Hongjoong', 'Park Seonghwa']","['Nostalgia', 'Childhood Friends', 'Angst with a Happy Ending', 'Other Additional Tags to Be Added', 'Implied Sexual Content', 'Small Towns', 'Idol Kim Hongjoong', 'hometown boy seonghwa', 'Holidays', 'Implied/Referenced Cheating', 'Mutual Pining']",ÙˆÙ‡Ùˆ Ù„Ø§ ÙŠÙ†Ø¯Ù… Ø¹Ù„Ù‰ Ø§ÙŠ Ù‚Ø±Ø§Ø± Ø§ØªØ®Ø°Ù‡ØŒ Ù„Ø£Ù†Ù‡ Ø¹Ù„Ù… ØªÙ…Ø§Ù…Ø§ Ù…Ø§ Ø§Ù„Ø°ÙŠ Ø£ÙˆÙ‚Ø¹ Ù†ÙØ³Ù‡ Ø¨Ù‡ Ø¹Ù†Ø¯Ù…Ø§ Ø±ÙƒØ¨ ÙÙŠ Ø¢Ø®Ø± Ù‚Ø·Ø§Ø± Ù…ØºØ§Ø¯Ø± Ù…Ù† Ù‡Ø°Ù‡ Ø§Ù„Ø¨Ù„Ø¯Ø© Ø§Ù„ØµØºÙŠØ±Ø© Ù„Ù„Ù…Ø¯ÙŠÙ†Ø© Ø§Ù„ÙƒØ¨ÙŠØ±Ø© Ø¨Ø§Ù„Ø§Ø¶ÙˆØ§Ø¡ Ø§Ù„Ø¨Ø±Ø§Ù‚Ø© Ø§Ù„Ù…Ø¹Ù…ÙŠØ© Ù„Ø£Ù†Ù‡ Ø¹Ù„Ù… Ø¨Ø£Ù†Ù‡ Ù‚Ù„Ø¨Ù‡ Ù„Ù† ÙŠØªØ®Ø·Ù‰ Ø³ÙˆÙ†Ù‚Ù‡ÙˆØ§ Ù…Ù‡Ù…Ø§ Ø®Ø§Ø¶ ØªØ¬Ø§Ø±Ø¨ Ù…Ø´ÙˆÙ‚Ø© ÙˆØ¹Ù„Ø§Ù‚Ø§Øª Ø¬Ø¯ÙŠØ¯Ø©ØŒ Ù„Ø£Ù†Ù‡ Ø¹Ù„Ù… Ø¨Ø£Ù†Ù‡ Ù„Ù† ÙŠÙ†Ø³Ù‰ Ø´Ø¨Ø­ ÙŠØ¯ÙŠÙ‡ Ø§Ù„Ø¯Ø§ÙØ¦Ø© ÙˆÙ‡ÙŠ ØªÙ„Ù…Ø³ Ø¬Ù…ÙŠØ¹ ØªÙØ§ØµÙŠÙ„ Ø¬Ø³Ø¯Ù‡ØŒ Ø¹Ù„Ù… Ø¨Ø£Ù†Ù‡ Ù„Ù† ÙŠÙ†Ø³Ù‰ Ù„Ø­Ø¸Ø§ØªÙ‡Ù… Ø§Ù„Ù…Ø³Ø±ÙˆÙ‚Ø© Ø®Ù„Ù Ø§Ù„Ø£Ø¨ÙˆØ§Ø¨ Ø§Ù„Ù…ØºÙ„Ù‚Ø© ÙˆØ¯ÙˆØ±Ø§Øª Ø§Ù„Ù…ÙŠØ§Ù‡ Ø§Ù„Ù…Ø¯Ø±Ø³ÙŠØ© Ø§Ù„Ù‚Ø°Ø±Ø©ØŒ Ø¹Ù„Ù… Ø¨Ø£Ù† Ø´ÙØ§Ù‡ Ø³ÙˆÙ†Ù‚Ù‡ÙˆØ§ Ø§Ù„Ø¨Ø±ÙŠØ¦Ø© Ø­ÙŠÙ†Ø°Ø§Ùƒ Ø³ÙˆÙ ØªØ­ÙØ± Ø·Ø¨Ø¹ØªÙ‡Ø§ Ø¨Ø¬Ù„Ø¯Ù‡ ÙƒØ§Ù„Ø­Ø¨Ø±. Ù„ÙƒÙ†Ù‡ Ù„Ù… ÙŠØ¹Ù„Ù… Ø¨Ø£Ù†Ù‡ Ø³ÙˆÙ ÙŠØ´Ø¹Ø± Ø¨Ø§Ù„Ø­Ù†ÙŠÙ† Ù„Ù‡ ÙƒÙ„ Ù…Ø±Ø© ÙŠØ¹ÙˆØ¯ ÙÙŠÙ‡Ø§ Ù„Ù…ÙˆØ·Ù†Ù‡ØŒ Ø¨Ø£Ù† Ø±Ø§Ø¦Ø­Ø© Ø§Ù„Ø£Ø¹ÙŠØ§Ø¯ ÙˆØ§Ù„Ø´ØªØ§Ø¡ ÙˆÙƒÙ„ Ø§ØºÙ†ÙŠØ© Ø­Ø¨ Ø³Ø§Ø°Ø¬Ø© Ø³ÙˆÙ ØªØ°ÙƒØ±Ù‡ Ø¨Ù‡.,Ø§Ù„Ø¹Ø±Ø¨ÙŠØ©,"2,415",1/3,,3,,33
35512006,Try To Erase Myself Ø£Ø­Ø§ÙˆÙ„ Ù…Ø­Ùˆ Ù†ÙØ³ÙŠ,BJYoland,['ë°©íƒ„ì†Œë…„ë‹¨ | Bangtan Boys | BTS'],Explicit,"Graphic Depictions Of Violence, No Archive Warnings Apply, Rape/Non-Con","F/F, F/M, M/M, Multi",Work in Progress,04 Dec 2021,"['Jeon Jungkook/Park Jimin', 'Jeon Jungkook/Everyone', 'Jung Hoseok | J-Hope/Kim Seokjin | Jin', 'Jung Hoseok | J-Hope/Min Yoongi | Suga', 'Kim Namjoon | RM/Min Yoongi | Suga', 'Min Yoongi | Suga/Park Jimin', 'Kim Seokjin | Jin/Min Yoongi | Suga', 'Kim Taehyung | V/Min Yoongi | Suga', 'Kim Taehyung | V/Park Jimin', 'Kim Seokjin | Jin/Park Jimin', 'Kim Namjoon | RM/Kim Seokjin | Jin', 'Kim Namjoon | RM/Kim Taehyung | V', 'Jung Hoseok | J-Hope/Kim Namjoon | RM', 'Park Jimin (BTS)/Original Character(s)', 'Minor or Background Relationship(s)', 'Other Relationship Tags to Be Added']","['Jeon Jungkook', 'Kim Seokjin | Jin', 'Kim Namjoon | RM', 'Kim Taehyung | V', 'Jung Hoseok | J-Hope', 'Min Yoongi | Suga', 'Park Jimin (BTS)', 'Other K-pop Artist(s)', 'Original Female Character(s)', 'Original Male Character(s)']","['Teacher-Student Relationship', 'Post-Traumatic Stress Disorder - PTSD', 'Canon-Typical Violence', 'Gun Violence', 'Minor Character Death', 'Erotic Electrostimulation', 'Translation Available', 'Knifeplay', 'Dreams and Nightmares', 'Alcohol Abuse/Alcoholism', 'Past Underage', 'Blood and Gore', 'Drug Abuse', 'Brainwashing', 'Anal Sex', 'Vaginal Sex', 'Religious Imagery & Symbolism', 'Mental Institutions', 'Daddy Kink', 'Stalking']",Ø¬ÙˆÙ†ØºÙƒÙˆÙƒ Ù‡Ùˆ Ù…ÙØ¯Ø±Ø³ Ø¬ÙØ¯ÙŠØ¯ ØªÙÙ… ØªÙØ¹ÙŠÙŠÙ†Ù‡ Ù„Ù„Ø¹Ù…Ù„ ÙÙŠ Ù‚Ø³Ù… Ø§Ù„ØªØ±Ø¨ÙŠØ© Ø§Ù„ØµØ­ÙŠØ© ÙˆØ§Ù„Ø¬Ù†Ø³ÙŠØ© ÙÙŠ Ù…Ø¯Ø±Ø³Ø© Ø«Ø§Ù†ÙˆÙŠØ©. Ø¥Ù†Ù‡ ÙŠØªÙˆÙ‚Ø¹ Ø£Ù† ÙŠÙØ¹Ù…Ù„ Ù…Ø¹ Ø§Ù„Ø·Ù„Ø§Ø¨ØŒ ÙˆÙŠÙ‚ÙˆØ¯ ÙØµÙ„Ù‡ Ø§Ù„Ø¯Ø±Ø§Ø³ÙŠØŒ Ù…Ø§ Ù„Ø§ ÙŠØªÙˆÙ‚Ø¹Ù‡ Ù‡Ùˆ Ø£Ù† ÙŠØªÙ… ØªØ­ÙˆÙŠÙ„Ù‡ Ø¥Ù„Ù‰ Ø¬Ø²Ø¡ Ù…Ù† Ø§Ù„Ù…Ù†Ù‡Ø¬ Ø¨Ø¯Ù„Ø§Ù‹ Ù…Ù† Ø°Ù„Ùƒ.. Ø£ÙŠ ÙƒØ¯Ù…ÙŠØ© Ù„Ù„ØªØ±Ø¨ÙŠØ© Ø§Ù„Ø¬Ù†Ø³ÙŠØ©,Ø§Ù„Ø¹Ø±Ø¨ÙŠØ©,"15,294",3/?,,50,3,"2,186"
35387539,Ù…Ù„Ù‡Ù…ØªÙŠ my muse,danawael,['ë°©íƒ„ì†Œë…„ë‹¨ | Bangtan Boys | BTS'],General Audiences,Choose Not To Use Archive Warnings,F/M,Complete Work,02 Jan 2022,"['Jeon Jungkook - Relationship', 'sarang kim']","['Jeon Jungkook', 'sarang kim - Character', 'Kim Namjoon', 'Kim Seokjin', 'Kim Taehyung | V', 'Park Jimin (BTS)', 'Min Yoongi | Suga', 'Jung Hoseok | J-Hope']","['Love', 'Muse - Freeform', 'bangtan - Freeform', 'bts - Freeform', 'Art', 'Drama', 'Slice of Life', 'Ø¨Ø§Ù†ØºØªØ§Ù†', 'Ø¨ØªØ³', 'Ø­Ø¨', 'Ø´Ø±ÙŠØ­Ù‡ Ù…Ù† Ø§Ù„Ø­ÙŠØ§Ù‡', 'Ø¯Ø±Ø§Ù…Ø§']",Ø¬ÙˆÙ†ÙƒÙˆÙƒ ÙÙ†Ø§Ù† Ø¹Ø§Ù„Ù…ÙŠ Ø±Ø³Ø§Ù… Ùˆ Ù†Ø­Ø§Øª Ù„ÙƒÙ† ÙÙ‚Ø¯ Ø´ØºÙÙ‡ ÙÙŠ Ø§Ù„Ø±Ø³Ù… ÙÙ‡Ù„ Ø³ÙŠØ¹ÙˆØ¯ Ù‡Ø°Ø§ Ø§Ù„Ø´ØºÙ Ø§Ù… Ù„Ø§ ØŸ,Ø§Ù„Ø¹Ø±Ø¨ÙŠØ©,"4,239",5/5,,1,,88
35261821,Rwby drabbles and oneshota,orphan_account,"['RWBY', 'Original Work']",General Audiences,No Archive Warnings Apply,"F/M, M/M",Complete Work,22 Nov 2021,"['Jaune Arc & Original Male Character(s)', 'Jaune Arc/Pyrrha Nikos']","['Jaune Arc', 'Ronald McDonald', 'Original Male Character(s)', 'Pyrrha Nikos']",[],Just as the title says,Ø§Ù„Ø¹Ø±Ø¨ÙŠØ©,17,1/1,,2,,111
34757083,All The young dudes- Arabic translated,Roudha_reads_stuff,['Harry Potter - J. K. Rowling'],Mature,Graphic Depictions Of Violence,"Multi, Other",Work in Progress,28 Sep 2023,[],[],[],,Ø§Ù„Ø¹Ø±Ø¨ÙŠØ©,"3,062",2/188,17,65,3,"2,079"
33978748,Ø§Ù„Ù‚Ø· Ø§Ù„Ø¬Ø¨Ù„ÙŠ,kurorbits,['Kurobits'],Not Rated,Graphic Depictions Of Violence,No category,Work in Progress,21 Jul 2022,[],[],[],Ù„Ø§ Ø£Ø­Ø¯ ÙŠØ¹Ù„Ù… Ù…Ù† Ù‡Ùˆ Ø­Ù‚Ù‹Ù‘Ø§ ÙˆÙ„Ù…Ø§ ÙŠØ³ØªÙ…Ø± Ø¨Ø§Ù„ØªÙ†Ù‚ÙÙ‘Ù„ Ø¨ÙŠÙ† Ø§Ù„Ø¹Ø´Ø§Ø¦Ø±ØŒ Ù„ÙƒÙ† Ø§Ù„Ù…Ø¹Ø¬Ø²Ø© Ø§Ù„Ø­Ù‚ÙŠÙ‚ÙŠØ© ØªÙ‚Ø¨Ø¹ ÙˆØ±Ø§Ø¡ Ø¨Ù‚Ø§Ø¡Ù‡ Ø­ÙŠÙ‹Ø§ Ø¨Ø£ØµØ§Ø¨Ø¹Ù‡ Ø§Ù„Ø¹Ø´Ø±Ø© Ø­ØªÙÙ‘Ù‰ Ø§Ù„Ø¢Ù†. Ø§Ù„Ø¨Ø¹Ø¶ ÙŠØ³Ù…Ù‘ÙˆÙ‡ Ø¨Ø§Ù„Ù‚Ø· Ø§Ù„Ø¬Ø¨Ù„ÙŠ Ù„Ø®ÙØ© Ø­Ø±ÙƒØªÙ‡ØŒ Ø¨ÙŠÙ†Ù…Ø§ Ø§Ù„Ø£ØºÙ„Ø¨ ÙŠØ·Ù„Ù‚ Ø¹Ù„ÙŠÙ‡ Ø°Ù„Ùƒ Ø§Ù„Ù„Ù‚Ø¨ ÙƒÙ†Ø°ÙŠØ± Ø´Ø¤Ù…Ø› Ø¹ÙØ±ÙŠØª ØªØ®Ù„Øª Ø¹Ù†Ù‡ Ø§Ù„Ø¢Ù„Ù‡Ù‡ Ù„Ø°Ø§ Ø¹Ù‚Ø¯ ØµÙÙ‚Ø© Ù…Ø¹ Ø§Ù„Ø´ÙŠØ·Ø§Ù† Ø¹Ù„Ù‰ Ø³Ø¨ÙŠÙ„ Ø§Ù„Ù…Ø²Ø§Ø­.        â€“ Ø«Ù…Ù„ ÙÙŠ Ø­Ø§Ù†Ø© Ù…Ù‡ØªØ±Ø¦Ø©.,Ø§Ù„Ø¹Ø±Ø¨ÙŠØ©,"28,966",5/?,,3,1,151
33727039,Ø§Ø±Ø¶ Ø§Ù„Ø§Ø³Ø§Ø·ÙŠØ±,danawael,['No Fandom'],General Audiences,Choose Not To Use Archive Warnings,Multi,Complete Work,06 Sep 2021,['Friendship - Relationship'],"['Park Jimin (BTS)', 'Kim Namjoon | RM', 'Kim Seokjin | Jin', 'Kim Taehyung | V', 'Jeon Jungkook', 'Min Yoongi | Suga', 'Jung Hoseok | J-Hope', 'Kim Jongin | Kai', 'irein']","['Funny', 'meth', 'Action/Adventure', 'Drama', 'Dragoons']",ØªØ¹Ø±ÙŠÙ Ø¨Ø§Ù„Ø´Ø®ØµÙŠØ§Øª Ø§Ù„Ø³Ø§Ø­Ø± Ø¨Ø§Ø±Ùƒ Ø¬ÙŠÙ…ÙŠÙ† 200 Ø¹Ø§Ù… ØªÙ†ÙŠÙ†Ù‡ ØªØ´ÙŠÙ…ÙŠ Ø§Ù…Ø±Ø§Ø·ÙˆØ± Ø§Ù„Ø´Ø±Ù‚ ÙƒÙŠÙ… Ù†Ø§Ù…Ø¬ÙˆÙ† 30 Ø¹Ø§Ù…Ø§ ØªÙ†ÙŠÙ†Ù‡ ÙƒÙˆÙŠØ§ Ø§Ù„Ù‚Ø§Ø¦Ø¯ Ø§Ù„Ø§ÙˆÙ„ Ø¬ÙŠÙˆÙ† Ø¬ÙˆÙ†ÙƒÙˆÙƒ 25 Ø¹Ø§Ù…Ø§ ØªÙ†ÙŠÙ†Ù‡ ÙƒÙˆÙƒÙŠ Ø§Ù„Ù‚Ø§Ø¦Ø¯ Ø§Ù„Ø«Ø§Ù†ÙŠ Ùˆ Ø§Ù„Ù…Ø¹Ø§Ù„Ø¬ Ø¬ÙˆÙ†Ùƒ Ù‡ÙˆØ³ÙˆÙƒ 30 Ø¹Ø§Ù…Ø§ ØªÙ†ÙŠÙ†Ù‡ Ù…Ø§Ù†Øº Ø§Ù…Ø¨Ø±Ø§Ø·ÙˆØ± Ø§Ù„ØºØ±Ø¨ ÙƒÙŠÙ… Ø³ÙŠÙˆÙƒ Ø¬ÙŠÙ† 33 Ø¹Ø§Ù…Ø§ ØªÙ†ÙŠÙ†Ù‡ Ø§Ø±Ø¬ÙŠ Ù‚Ø§Ø¦Ø¯Ù‡ Ø§Ù„Ø§ÙˆÙ„ Ù…ÙŠÙ† ÙŠÙˆÙ†ØºÙŠ 31 Ø¹Ø§Ù…Ø§ ØªÙ†ÙŠÙ†Ù‡ Ø´ÙˆÙƒÙŠ Ø§Ù„Ù…Ø¹Ø§Ù„Ø¬ Ø§Ù„Ø±ÙˆØ­ÙŠ Ùˆ Ø§Ù„Ù…Ø­Ø§Ø±Ø¨ ÙˆØ§Ø® Ø§Ù„Ø§Ù…Ø±Ø§Ø·ÙˆØ± Ø¬ÙŠÙ† Ø§Ù„Ù…Ø¯Ù„Ù„ ÙƒÙŠÙ… ØªÙŠÙ‡ÙŠÙˆÙ†Øº26 Ø¹Ø§Ù…Ø§ ØªÙ†ÙŠÙ†Ù‡ ØªØ§ØªØ§,Ø§Ù„Ø¹Ø±Ø¨ÙŠØ©,"4,467",1/1,,1,,31
32054935,Yearning for the lost Sensibility.,kanwoyamakan,['Original Work'],General Audiences,No Archive Warnings Apply,"F/F, Gen",Complete Work,20 Jun 2021,[],[],['Emotional Baggage'],Ø¨Ø¬Ø§Ù†Ø¨ Ø§Ù„Ù…Ø­ÙŠØ·ØŒ Ù„Ù… ÙŠÙƒÙÙ† Ø§Ù„Ø¬Ù…Ø§Ù„ ÙƒØ§ÙÙŠÙ‹Ø§.,Ø§Ù„Ø¹Ø±Ø¨ÙŠØ©,691,1/1,,15,1,180
31009562,Ø§Ù„Ù‚Ù†Ø§Øµ Ùˆ Ø§Ù„Ø¹Ù‚Ø§Ø¨,danawael,"['ë°©íƒ„ì†Œë…„ë‹¨ | Bangtan Boys | BTS', 'Fanfiction Nation (Podcast)', 'No Fandom']",General Audiences,"Choose Not To Use Archive Warnings, Graphic Depictions Of Violence",Other,Complete Work,30 Apr 2021,['Friends - Relationship'],"['Park Jimin (BTS)', 'Kim Taehyung | V', 'Min Yoongi | Suga', 'Kim Namjoon | RM', 'Kim Seokjin | Jin', 'Jung Hoseok | J-Hope', 'Jeon Jungkook']","['Revenge', 'bts - Freeform', 'park jimin (bts) - Freeform', 'kim taehyung - Freeform', 'suga - Freeform', 'Kim namjoon | RM - Freeform', 'Kim Seokjin - Freeform', 'Psychological Torture', 'Police', 'Gang', 'Ø¨ØªØ³', 'ÙƒÙŠÙ… Ù†Ø§Ù…Ø¬ÙˆÙ†', 'ÙƒÙŠÙ… Ø³ÙŠÙˆÙƒ Ø¬ÙŠÙ†', 'Ù…ÙŠÙ† ÙŠÙˆÙ†ØºÙŠ', 'Ø¬ÙˆÙ†Øº Ù‡ÙˆØ³ÙˆÙƒ', 'Ø¨Ø§Ø±Ùƒ Ø¬ÙŠÙ…ÙŠÙ†', 'Plot Twist']",Ø§Ù†ØªÙØ§Ù… Ù‡Ùˆ Ù…Ø§ Ø³ÙŠØ³Ø¹Ù‰ Ø§Ù„ÙŠÙ‡ Ø¨Ø§Ø±Ùƒ Ø¬ÙŠÙ…ÙŠÙ† ÙÙ‡Ù„ Ø³ÙŠØ­Ù‚Ù‚Ù‡,Ø§Ù„Ø¹Ø±Ø¨ÙŠØ©,"10,432",1/1,,2,,126
29968467,whatever you want,orphan_account,['One Piece'],Not Rated,Choose Not To Use Archive Warnings,M/M,Complete Work,10 Mar 2021,['Roronoa Zoro/Vinsmoke Sanji'],"['Roronoa Zoro', 'Vinsmoke Sanji', 'Vinsmoke Reiju', 'Vinsmoke Ichiji', 'Vinsmoke Niji', 'Vinsmoke Yonji', 'Vinsmoke Judge', 'Vinsmoke Sora']",[],"""Ø£Ù† Ø§Ù„Ø£Ù…Ø± Ù„ÙŠØ³ Ø¨Ù‡Ø°Ù‡ Ø§Ù„Ø·Ø±ÙŠÙ‚Ø©..Ø£Ù†Ø§ Ù„Ø§ Ø£Ø±ÙŠØ¯ Ø£Ù† Ø£Ù‚Ø±Ø± Ø¹Ù†Ùƒ Ø®ÙŠØ§Ø±Ø§ØªÙƒ ÙˆÙ„Ø§ Ø£Ø±ÙŠØ¯ Ø£Ù† Ø£ÙØ¬Ø¨Ø±Ùƒ Ø¹Ù„Ù‰ Ø£ÙŠÙ‘ Ø´ÙŠØ¡ÙØŒ Ø£Ù†Ù†ÙŠ ÙÙ‚Ø· Ø£Ø®Ø¨Ø±Ùƒ Ø¨Ø£Ù†Ù†ÙŠ Ø³Ø£ÙØ¹Ù„Ù Ù…Ø§ØªØ±ØºØ¨Ù‡ØŒ Ø£Ù†Ù‡ Ø®ÙŠØ§Ø±Ùƒ Ù„ÙŠØ³ Ø®ÙŠØ§Ø± Ø£ÙŠ Ø´Ø®ØµÙŒ Ø¢Ø®Ø±ØŒ Ù„Ø°Ø§ Ù„Ùˆ Ø±ØºØ¨Øª Ø£ÙŠÙ‘ Ø´ÙŠØ¡ÙØŒ Ø³Ø£ÙØ¹Ù„Ù‡Ù Ù„Ø£Ø¬Ù„Ùƒ..Ø£ÙŠÙ‘ Ø´ÙŠØ¡Ù Ø¹Ù„Ù‰ Ø§Ù„Ø¥Ø·Ù„Ø§Ù‚ØŒ Ø¹Ù„ÙŠÙƒ ÙÙ‚Ø· Ø£Ù† ØªØ±ØºØ¨Ù‡ØŒ Ø£ØªÙÙ‡Ù… Ù…Ø§ Ø£Ù‚ÙˆÙ„Ù‡ ÙŠØ§ÙØªÙ‰ Ø§Ù„Ø­ÙˆØ§Ø¬Ø¨ Ø§Ù„Ø¬Ù…ÙÙŠÙ„Ø©ØŸ"" ÙƒØ§Ù†Øª Ù‡Ø°Ù‡ ÙƒÙ„Ù…Ø§ØªÙ‡ Ø§Ù„Ø£Ø®ÙŠØ±Ø© Ù„ÙŠ Ù‚Ø¨Ù„ Ø£Ù† ÙŠÙØºØ§Ø¯ÙØ±ØŒ ÙˆÙ„Ù… Ø£Ø¹ØªÙ‚Ø¯ Ø£Ù†Ù†ÙŠ Ø³Ø£Ù‚Ø§Ø¨Ù„Ù‡Ù Ù…Ø¬Ø¯Ø¯Ø§Ù‹ Ø£Ø¨Ø¯Ø§Ù‹ØŒ Ù„ÙƒÙ†Ù‡ Ù‡Ù†Ø§ØŒ ÙŠÙ‚Ù Ø£Ù…Ø§Ù…ÙŠ Ø¨ÙƒÙÙ„ Ø¬ÙØ±Ø§Ø¡Ø©.",Ø§Ù„Ø¹Ø±Ø¨ÙŠØ©,73,1/1,,10,,251
29947566,Who you were and who you will be,Pitchblackdog,['The Magicians (TV)'],Mature,"Graphic Depictions Of Violence, Major Character Death, Underage","M/M, Other",Complete Work,09 Mar 2021,"['Quentin Coldwater/Eliot Waugh', 'Margo Hanson & Eliot Waugh']","['Eliot Waugh', ""Eliot Waugh's Father"", 'Quentin Coldwater', 'Margo Hanson', 'Bonnie Bennett', 'Darth Gean']","['Child Abuse', 'Child Neglect', 'Violence', 'Past Relationship(s)', 'Magic Revealed', 'Love Stories', 'Death', 'Police', 'Poetry', 'Books', 'Dreams and Nightmares', 'Scars', 'Teen Romance', 'Teen Angst', 'Fluff', 'Hurt/Comfort', 'LGBTQ Character', 'Gay Sex', 'Gay Bar', 'Alcohol', 'Depression', 'Post-Traumatic Stress Disorder - PTSD', 'Self-Harm', 'Self-Hatred', 'Self-Esteem Issues', 'Illusions', 'Power Dynamics']",I am not good with summeries.. I just hope you like it â™¥ï¸,Ø§Ù„Ø¹Ø±Ø¨ÙŠØ©,"15,886",1/1,,3,1,313
29879541,I Reincarnated into dangerous otome world,RaisaAl,"['Piofiore no Banshou', 'Piofiore: Fated Memories']",Mature,Choose Not To Use Archive Warnings,F/M,Complete Work,06 Mar 2021,['Nicola Francesca/Rozana'],"['Nicola Francesca', 'Dante Falzone', 'Liliana Adornato', 'Rozana']","['Violence', 'Bad Environment', ""I'm Bad At Summaries"", 'Bad English', 'Ø¹Ø±Ø¨ÙŠ | Arabic', 'Reincarnation']",I reincarnated into my favorite otome game but I donâ€™t have any friends or family. After my fatherâ€™s greed i sold off to Falzone Family and I donâ€™t know what i do anymore.. This story happened after Finale ending,Ø§Ù„Ø¹Ø±Ø¨ÙŠØ©,902,1/1,,1,,224
29874036,"please, sing me to sleep",luvsanji (orphan_account),['One Piece'],General Audiences,Choose Not To Use Archive Warnings,M/M,Complete Work,06 Mar 2021,['Roronoa Zoro/Vinsmoke Sanji'],"['Roronoa Zoro', 'Vinsmoke Sanji']",[],Ø²ÙˆØ±Ùˆ Ù„Ø§ ÙŠØ³ØªØ·ÙŠØ¹ Ø§Ù„Ù†ÙˆÙ…,Ø§Ù„Ø¹Ø±Ø¨ÙŠØ©,249,1/1,4,21,2,266
29786787,Ø§ØºÙØ± Ù„ÙŠ Ø§Ø¨ØªØ§Ù‡ ÙÙ„Ù‚Ø¯ Ø§Ø°Ù†Ø¨Øª,Pitchblackdog,['Supernatural'],Mature,"Graphic Depictions Of Violence, Rape/Non-Con",M/M,Complete Work,01 Mar 2021,['Castiel/Dean Winchester'],"['Castiel (Supernatural)', 'Original Castiel/Dean Winchester Child(ren)', 'Dean Winchester', 'Demons (Supernatural)', 'Possession supernatural']","['Human', 'Demonic Possession', 'Demon Sex', 'Inspired by Fanart', 'Religion', 'Imagination', 'My First Work in This Fandom', 'Rape', 'Rating: M']",,Ø§Ù„Ø¹Ø±Ø¨ÙŠØ©,"7,571",1/1,4,12,,375
29555424,Ù…Ø§ Ø¨Ø¹Ø¯ Ø´ÙŠØ¨ÙˆÙŠØ§,orphan_account,"['å‘ªè¡“å»»æˆ¦ | Jujutsu Kaisen (Manga)', 'å‘ªè¡“å»»æˆ¦ | Jujutsu Kaisen (Anime)']",General Audiences,Choose Not To Use Archive Warnings,M/M,Complete Work,19 Feb 2021,['Chousou/Kamo Noritoshi'],"['Chousou (Jujutsu Kaisen)', 'Kamo Noritoshi', 'Itadori Yuuji (mentioned)']","['Jujutsu Kaisen Manga Spoilers', 'Self-Indulgent', 'There should be more Choso/Noritoshi fics']",ÙƒÙ„Ø§ Ù…ÙÙ† ØªØ´ÙˆØ³Ùˆ ÙˆÙ†ÙˆØ±ÙŠØªÙˆØ´ÙŠ ÙŠØªÙˆÙ‚ÙˆÙ† Ø§Ù„Ù‰ Ø´ÙŠØ¡Ù Ù…Ø§ØŒ Ù‡Ù„ ÙŠÙ…ÙƒÙ†Ù‡Ù… Ø§ÙŠØ¬Ø§Ø¯Ù‡Ù ÙÙŠ Ø¨Ø¹Ø¶Ù‡Ù…Ø§ØŸ,Ø§Ù„Ø¹Ø±Ø¨ÙŠØ©,629,1/1,15,31,4,469
27725615,Ø§ØºØªØµØ¨Øª Ø­ÙŠÙˆØ§Ù†ÙŠ Ø§Ù„Ø§Ù„ÙŠÙ,MonkeyDYui123,['One Piece'],Explicit,"Rape/Non-Con, Underage","F/F, M/M",Work in Progress,26 Nov 2020,"['Monkey D. Luffy & Tony Tony Chopper', 'Monkey D. Luffy/Tony Tony Chopper']","['Monkey D. Luffy', 'Tony Tony Chopper', 'Mugiwara Kaizoku | Strawhat Pirates']",['Top Luffy x bottom chopper'],Top Luffy Bottom chopper ØªÙˆØ¨ Ù„ÙˆÙÙŠ Ø¨ÙˆØªÙˆÙ… ØªØ´ÙˆØ¨Ø±,Ø§Ù„Ø¹Ø±Ø¨ÙŠØ©,260,1/?,4,4,,"1,024"
27725294,Luffy x imu sama,MonkeyDYui123,['One Piece'],Explicit,"Graphic Depictions Of Violence, Rape/Non-Con","F/F, M/M",Work in Progress,26 Nov 2020,['Monkey D. Luffy / Imu Sama'],"['Monkey D. Luffy', 'Imu']","['Top Monkey D. Luffy', 'Bottom imu']",Luffy x imu sama Top Luffy Bottom imu sama ØªÙˆØ¨ Ù„ÙˆÙÙŠ Ø¨ÙˆØªÙˆÙ… Ø§ÙŠÙ… Ø³Ø§Ù…Ø§,Ø§Ù„Ø¹Ø±Ø¨ÙŠØ©,678,1/2,1,3,,989
26802370,lolihtj x tyrone clappy so,orphan_account,['Borderlands'],Explicit,Choose Not To Use Archive Warnings,F/F,Work in Progress,03 Oct 2020,['Tyreen Calypso/Original Female Character(s)'],"['Tyreen Calypso', 'Original Female Character(s)', 'Jesus', 'nagito komaeda']","['Crack Fic', 'i cant believe this is the first thing i post on this account', 'this is a joke', 'lilith iâ€™m so sorry', 'I hate myself', 'donâ€™t tell mum', 'this is a reupload of a thing', 'itâ€™s for my sisters birthday', 'she changed her name so yknow', 'had to bring this shit back']",a collection of very sexc things  (iâ€™m so sorry),Ø§Ù„Ø¹Ø±Ø¨ÙŠØ©,497,"10/7,294,829",1,8,,322
26750815,Ø¨ÙˆØ§Ø¨Ø§Øª Ø§Ù„Ù‚Ø¯Ø± Ø§Ù„Ø²Ù…Ù†ÙŠØ© -Ø§Ù„Ø¬Ø²Ø¡ Ø§Ù„Ø£ÙˆÙ„-,khouwriter,['No Fandom'],Teen And Up Audiences,Choose Not To Use Archive Warnings,F/M,Work in Progress,14 Oct 2020,['Ø´Ø®ØµÙŠØ© Ø£ØµÙ„ÙŠØ©/Ø´Ø®ØµÙŠØ© Ø£ØµÙ„ÙŠØ©'],"['Ù…Ø¤Ù…Ù†/Ø¢ÙŠÙ„ÙŠ', 'Ø¬Ù…Ø§Ù†Ø©/Ø£Ù„ÙƒØ³Ù†Ø¯Ø±']","['Fantasia', 'Romance']",ÙØªÙ‰ Ø¹ØµØ±ÙŠ ÙŠÙ…Ù„Ùƒ ÙƒÙ„ Ø´ÙŠØ¡ ÙˆÙŠÙ…Ù‚Øª Ø§Ù„Ù‚Ø¯Ø± Ø­Ø¯ Ø§Ù„Ø§Ø²Ø¯Ø±Ø§Ø¡ ÙˆÙØªØ§Ø© Ù…Ù† Ø§Ù„Ø¹Ù‡Ø¯ Ø§Ù„ÙÙŠÙƒØªÙˆØ±ÙŠ Ø¹Ø§Ø´Øª ÙƒÙ…Ù„ÙƒØ© Ù…Ù‡Ø¬ÙˆØ±Ø© Ù„ØªÙ…ÙˆØª Ø¹Ù„Ù‰ ÙŠØ¯ Ø²ÙˆØ¬Ù‡Ø§ ÙˆÙ„Ù„Ù‚Ø¯Ø± Ø­ÙƒØ§ÙŠØ© Ø®ÙÙŠØ© Ø³ØªØ¬Ù…Ø¹ Ø®ÙŠÙˆØ· Ù‡Ø°ÙŠÙ† Ø§Ù„Ø§Ø«Ù†ÙŠÙ† ÙˆØªØ±Ø¨Ø·Ù‡Ù…Ø§ ÙÙŠ Ø±ÙˆØ§ÙŠØ© Ø®ÙŠØ§Ù„ÙŠØ© ÙˆØ¹ÙˆØ§Ù„Ù… Ù„Ù… ÙŠÙƒÙ† Ø£Ø­Ø¯ ÙŠØ¹Ù„Ù… Ø³Ø±Ù‡Ø§ . ÙØªØ§Ø¨Ø¹ÙˆÙ†ÙŠ Ø£ØµØ¯Ù‚Ø§Ø¦ÙŠ Ø§Ù„Ø£Ø¹Ø²Ø§Ø¡ Ù„ØªØ¹Ø±Ù Ø£Ø­Ø¯Ø§Ø« Ù‡Ø°Ù‡ Ø§Ù„Ø±ÙˆØ§ÙŠØ© Ø§Ù„Ø´ÙŠÙ‚Ø© Ø§Ù„ØªÙŠ ØªØ³ØªØ­Ù‚ Ø§Ù„Ù‚Ø±Ø§Ø¡Ø©,Ø§Ù„Ø¹Ø±Ø¨ÙŠØ©,"6,856",7/?,,2,,118
26750641,Ø§Ù„Ø£Ø¬Ù†Ø­Ù‡ Ø§Ù„Ø¨Ù†ÙØ³Ø¬ÙŠÙ‡,danawael,"['ë°©íƒ„ì†Œë…„ë‹¨ | Bangtan Boys | BTS', 'Fanfiction Club - Uomini belli e altri disastri - Criminal Pepper', 'action - Fandom']",General Audiences,Choose Not To Use Archive Warnings,Multi,Complete Work,01 Oct 2020,['Friendship - Relationship'],"['Jeon Jungkook', 'Kim Taehyung | V', 'Kim Seokjin | Jin', 'Kim Namjoon | RM', 'Min Yoongi | Suga', 'Jung Hoseok | J-Hope', 'Park Jimin (BTS)']","['Action/Adventure', 'Angst with a Happy Ending', 'Fanfiction', 'Fantasy', 'Alternate Universe - Bangtan Boys | BTS A/B/O', 'One Shot', 'park jimin - Freeform']",[Ù…Ù†Ø° Ù‚Ø¯ÙŠÙ… Ø§Ù„Ø§Ø²Ù„ØŒ ÙÙŠ Ø°Ø§Ùƒ Ø§Ù„ÙˆÙ‚Øª Ù…Ø§ Ù‚Ø¨Ù„ Ø§Ù„ØªØ§Ø±ÙŠØ® ÙˆØ¬Ø¯Øª Ø¹Ù„Ù‰ Ù‡Ø°Ù‡ Ø§Ù„Ø£Ø±Ø¶ Ù‚ÙˆØªØ§Ù† ÙƒØ¨ÙŠØ±ØªØ§Ù†ØŒ ØªØªØµØ§Ø±Ø¹Ø§Ù† Ø¹Ù„Ù‰ Ø­ÙƒÙ… ÙˆØ³ÙŠØ§Ø¯Ø© Ù‡Ø°Ù‡ Ø§Ù„Ø§Ø±Ø¶Ø› ÙƒØ§Ù† Ø§Ù„Ø·Ø±Ù Ø§Ù„Ø§ÙˆÙ„ Ù‡Ù… Ø§Ù„Ø¨Ø´Ø± Ø§Ù„Ø¹Ø§Ø¯ÙŠÙˆÙ† Ø§Ù„Ù„Ø°ÙŠÙ† Ø¢Ù…Ù†Ùˆ Ø£Ù† Ù‡Ø°Ù‡ Ø§Ù„Ø£Ø±Ø¶ Ù‚Ø¯ Ø®Ù„Ù‚Øª Ù„Ù‡Ù…...ÙˆØ§Ù„Ø·Ø±Ù Ø§Ù„Ø§Ø®Ø± ÙƒØ§Ù†ÙˆØ§ Ø¨Ø´Ø± Ø®Ø§Ø±Ù‚ÙˆÙ† Ø¥Ù…ØªØ§Ø²ÙˆØ§ Ø¨Ù‚ÙˆØ© Ùˆ Ø¶Ø®Ø§Ù…Ø© Ø§Ø¬Ø³Ø§Ù…Ù‡Ù…ØŒ ØªÙ…ÙŠØ² Ø¨Ù†ÙŠ Ø¬Ù†Ø³Ù‡Ù… Ø¨Ø¥Ù…ØªÙ„Ø§ÙƒÙ‡Ø§ Ù„Ø£Ø¬Ù†Ø­Ø© ÙƒØ¨ÙŠØ±Ø© Ø³Ø§Ø¹Ø¯ØªÙ‡Ù… Ø¹Ù„Ù‰ Ø§Ù„ØªØ­Ù„ÙŠÙ‚ ÙÙŠ Ø§Ù„Ù‡ÙˆØ§Ø¡ØŒ Ø£Ù‹Ø·Ù„Ù‚ Ø¹Ù„ÙŠÙ‡Ù… Ø¥Ø³Ù… Ø´Ø¹ÙˆØ¨ Ø§ÙŠÙƒØ§Ø±ÙˆØ³],Ø§Ù„Ø¹Ø±Ø¨ÙŠØ©,"17,777",4/4,,5,1,121
25511653,Ù…Ù‡Ù…Ù‡ Ø³Ø±ÙŠÙ‡ ÙÙŠ Ø§Ù„Ø¬Ø­ÙŠÙ…,danawael,['ARMY BTS - Fandom'],General Audiences,Choose Not To Use Archive Warnings,Other,Complete Work,25 Jul 2020,"['action bts', 'story - Relationship', 'BTS - Relationship', 'Oneshot - Relationship']","['Park Jimin (BTS)', 'BTS - Character']","['Story', 'Oneshot', 'Action']",Ù‚ØµÙ‡ ØªØªÙ…Ø­ÙˆØ± Ø­ÙˆÙ„ Ø§Ù„Ø¶Ø§Ø¨Ø· Ø¨Ø§Ø±Ùƒ Ø¬ÙŠÙ…ÙŠÙ† Ø§Ù„Ø°ÙŠ ÙŠØ¯Ø®Ù„ Ø¹Ø§Ù„Ù… Ø§Ù„Ø¬Ø§Ø³ÙˆØ³ÙŠÙ‡ Ù„Ù„Ù‚Ø¶Ø§Ø¡ Ø¹Ù„Ù‰ Ø§ÙƒØ¨Ø± Ø¹ØµØ§Ø¨Ù‡ ÙÙŠ ÙƒÙˆØ±ÙŠØ§ Ø§ÙƒØ´Ù† Ø­Ø±ÙƒÙ‡ Ø§Ø«Ø§Ø±Ù‡ Ø§Ù„Ù‚ØµÙ‡ Ù…Ù† Ù…Ø­Ø¶ Ø®ÙŠØ§Ù„ÙŠ Ù„Ø§ ØªØ±ØªØ¨Ø· Ø¨Ø§Ø¹Ø¶Ø§Ø¡ ÙØ±Ù‚Ù‡ Ø¨ØªØ³ Ø¨Ø§ÙŠ ØµÙ„Ù‡ ØªÙ… Ø§Ù„Ø§Ø³ØªØ¹Ø§Ù†Ù‡ Ø¨Ø§Ù„Ø§Ø³Ù…Ø§Ø¡ ÙÙ‚Ø·,Ø§Ù„Ø¹Ø±Ø¨ÙŠØ©,"10,843",1/1,3,3,,245
25507240,He's my lord,Hadipayne,['One Direction (Band)'],Mature,Choose Not To Use Archive Warnings,M/M,Complete Work,25 Jul 2020,[],[],[],""" ØªÙÙ€Ø§Ø¦ÙÙ‡ ÙÙŠ Ø°ÙØ§ØªÙ€ÙŠ ÙˆÙÙ„Ø§ ÙŠÙØ¹ÙÙŠØ¯Ù†ÙÙŠ Ù…ÙÙ† Ø°ÙÙ„ÙƒÙ’ Ø³ÙÙ€ÙˆÙ‰ Ù‚ÙØ¨Ù„Ø§ØªÙÙ‡ Ø£Ù†Ù€Ø§ Ù…ÙÙ„ÙƒØªÙ Ù‚ÙÙ„Ø¨Ù‡ ÙˆÙ‡ÙÙ€Ùˆ ÙŠÙÙ…Ù„ÙÙƒ Ø¬ÙØ³Ø¯ÙÙŠØŒ Ø¶ÙÙ†Ù†ØªÙ Ø¨ÙØ£Ù†Ù‡ Ø³ÙÙŠÙ„ÙˆÙØ«Ù‡ Ø¨Ø¯ÙÙ†ÙØ§Ø³ÙØªØ© ÙˆÙ„ÙƒÙ†Ù‡ Ø¬ÙØ¹Ù„Ù†ÙÙŠ Ø£ÙƒØ«ÙØ±Ù Ø·ÙÙ‡Ø±Ù‹Ø§ Ù…ÙÙ…ÙÙ€Ø§ ÙƒÙÙ†Øª""",Ø§Ù„Ø¹Ø±Ø¨ÙŠØ©,496,1/1,1,6,,161
24066796,getting to know,kanwoyamakan,['Original Work'],General Audiences,No Archive Warnings Apply,"Gen, F/F",Complete Work,08 May 2020,[],[],"['Female Protagonist', 'Female Characters', 'Female-Centric', 'Original Female Character(s) - Freeform', 'POV Original Female Character', 'female character study', 'loss of a distant/not very present parental figure', 'age gap between the females', 'Internal Monologue', 'Internal Conflict', 'No mentions of romance', 'a female focused fic', 'Angst and Hurt/Comfort']",,Ø§Ù„Ø¹Ø±Ø¨ÙŠØ©,"2,822",3/3,2,6,,152
23932222,Fleeting.,kanwoyamakan,['Original Work'],General Audiences,No Archive Warnings Apply,"F/F, Gen",Complete Work,02 May 2020,[],[],"['female character study', 'loss of a distant/not very present parental figure', 'age gap between the females', 'Heavy Angst', 'No comfort just hurt', 'Internal Monologue', 'Internal Conflict', 'No mentions of romance', 'a female focused fic', 'Female Protagonist', 'Female Characters', 'Female-Centric', 'Original Female Character(s) - Freeform', 'POV Original Female Character']",,Ø§Ù„Ø¹Ø±Ø¨ÙŠØ©,"5,110",3/3,1,2,,149
23713768,"hail mary, forgive me arabic",Alphaforlou,['One Direction (Band)'],General Audiences,"Choose Not To Use Archive Warnings, Underage",M/M,Complete Work,18 Apr 2020,['Harry Styles/Louis Tomlinson'],"['Louis Tomlinson', 'Harry Styles']",[],,Ø§Ù„Ø¹Ø±Ø¨ÙŠØ©,"2,180",1/1,,16,,554
23578111,Mijiu,kanwoyamakan,['Original Work'],Mature,"Choose Not To Use Archive Warnings, No Archive Warnings Apply",F/M,Complete Work,10 Apr 2020,[],"['Original Female Character(s)', 'Original Male Character(s)']","['Original Character(s)', 'Plot What Plot/Porn Without Plot', 'Drunk Character(s)', 'Aged-Up Character(s)', 'mature content', 'Explicit Sexual Content', ""Exploring how far I'll take a smut"", 'turned out fine', ""Is it clear that there's a Dom in there-"", ""there's a Dom there."", 'Shameless Smut', 'as i think it is-', 'Smut']",,Ø§Ù„Ø¹Ø±Ø¨ÙŠØ©,"2,004",1/1,,5,1,708
20112190,Ø³ÙŠØ¯Ø±Ø§,Lavender_9_6,['ë°©íƒ„ì†Œë…„ë‹¨ | Bangtan Boys | BTS'],General Audiences,Choose Not To Use Archive Warnings,"F/M, M/M",Work in Progress,18 Nov 2019,"['Min Yoongi | Suga/Reader', 'Park Jimin (BTS)/Reader']","['Kim Taehyung | V', 'Kim Namjoon | RM', 'Kim Seokjin | Jin', 'Min Yoongi | Suga', 'Park Jimin (BTS)', 'Jung Hoseok | J-Hope', 'Jeon Jungkook']","['Protective Bangtan Boys', 'A mm ship will appear later', 'Alternate Universe', 'Angst', 'Fluff', 'Fluff and Angst', 'Friendship', 'Male-Female Friendship', 'Original Character - Freeform', 'Cute Kim Taehyung | V']","""Ø«Ù…Ø© Ù…ØµÙŠØ¨ØªØ§Ù† ÙÙŠ Ø§Ù„Ø­ÙŠØ§Ø©: Ø§Ù„Ø§ÙˆÙ„Ù‰ Ø§Ù† Ù„Ø§ ØªØ­ØµÙ„ Ø¹Ù„Ù‰ Ù…Ø§ ØªØ±ÙŠØ¯Ù‡ ÙˆØ§Ù„Ø«Ø§Ù†ÙŠØ© Ø§Ù† ØªØ­ØµÙ„ Ø¹Ù„ÙŠÙ‡"" Ù…Ø± Ø­Ø¯Ø« Ù„Ù‚Ø§Ø¡ Ø§Ù„Ù…Ø¹Ø¬Ø¨ÙŠÙ† ÙƒØ§Ù„Ø­Ù„Ù…ØŒ ÙƒÙ†Ø³Ù…Ø© Ø±Ø¨ÙŠØ¹ Ù†Ø§Ø¹Ù…Ø© Ø¯Ø§Ø¹Ø¨Øª ÙˆØ¬Ù‡ÙŠ Ø¨Ù„Ø·Ù ÙˆÙ„ÙƒÙ† Ø³Ø±Ø¹Ø§Ù† Ù…Ø§ Ø§Ø®ØªÙØªØŒ ØªØ¨Ø¯Ø¯Øª ÙˆØ§Ø¹Ù„Ù†Øª Ø§Ù† Ù„ÙƒÙ„ Ù„Ø­Ø¸Ø© Ø¬Ù…ÙŠÙ„Ø© Ù†Ù‡Ø§ÙŠØ© Ù…Ø£Ø³Ø§ÙˆÙŠØ©. ÙˆÙ„ÙƒÙ† Ù„Ù… Ø§ØªØ®ÙŠÙ„ ÙˆÙ„Ùˆ Ù„Ù„Ø­Ø¸Ø© Ø§Ù† ÙŠØ®Ù„Ù Ø­ÙÙ„ Ù„Ø·ÙŠÙ ÙƒÙ‡Ø°Ø§ ÙƒÙ„ Ù‡Ø°Ø§ Ø§Ù„Ø¯Ù…Ø§Ø± ÙÙŠ Ø±ÙˆØ­ÙŠØŒ Ù„Ù… Ø§ØªÙ…Ù†Ù‰ ÙˆÙ„Ùˆ Ù„Ù„Ø­Ø¸Ø© Ø§Ù† Ø§Ù†Ø¯Ù… Ø¹Ù„Ù‰ Ù…Ø¬ÙŠØ¦ÙŠ Ù„Ù‡Ù†Ø§ØŒ Ø¹Ù„Ù‰ Ø±Ø¤ÙŠØªÙŠ Ø§Ù„ÙØªÙŠØ§Ù†ØŒ Ù„ÙƒÙ†Ù†ÙŠ ÙØ¹Ù„Ø§ Ù†Ø§Ø¯Ù…Ø© ÙˆØ§Ø´Ø¹Ø± Ø¨Ø§Ù„Ø¶ÙŠØ§Ø¹.",Ø§Ù„Ø¹Ø±Ø¨ÙŠØ©,"4,713",3/30,3,11,,294
18698185,(AO3) Ø­Ø²Ù…Ø© Ø§Ù„Ù…Ù†ØªØ®ÙØ¨ Ù„Ø¬ÙˆØ§Ø¦Ø² Ù‡ÙˆØºÙˆ 2019: Ø§Ù„Ø£Ø±Ø´ÙŠÙ Ù…Ù† Ø¬Ø§Ù†Ø¨Ù†Ø§,OTW_Translation,['Meta - Fandom'],General Audiences,No Archive Warnings Apply,No category,Complete Work,06 May 2019,[],[],"['Ø¬ÙˆØ§Ø¦Ø² Ù‡ÙˆØºÙˆ', 'AO3 Ø­ÙˆÙ„']","ØªÙ…Ù‘ Ù‡Ø°Ø§ Ø§Ù„Ø¹Ø§Ù… ØªØ±Ø´ÙŠØ­ Archive of Our Own â€“ AO3 (Ø§Ù„Ø£Ø±Ø´ÙŠÙ Ù…Ù† Ø¬Ø§Ù†Ø¨Ù†Ø§) Ù„Ø¬Ø§Ø¦Ø²Ø© Ù‡ÙˆØºÙˆ Ø¹Ù† ÙØ¦Ø© Ø£ÙØ¶Ù„ Ø¹Ù…Ù„ Ø°Ùˆ ØµÙ„Ø©! Ù‡Ø°Ø§ Ø¥Ù†Ø¬Ø§Ø² Ø±Ø§Ø¦Ø¹ ÙˆÙ†Ø­Ù† Ø£ÙƒØ«Ø± Ù…Ù† Ø³Ø¹Ø¯Ø§Ø¡ Ø¨ØªÙ‚Ø¯ÙŠØ±Ø§Ù„Ù…Ù†ØªØ®ÙØ¨ÙŠÙ† ÙÙŠ Ø¬ÙˆØ§Ø¦Ø² Ù‡ÙˆØºÙˆ Ù„Ù„Ø¹Ù…Ù„ Ø§Ù„Ø¬Ù…Ø§Ø¹ÙŠ Ø§Ù„Ù…Ø°Ù‡Ù„ Ø§Ù„Ø°ÙŠ ÙŠØªÙ…Ø«Ù„ ÙÙŠ Ù…Ø´Ø±ÙˆØ¹ AO3. Ù‡Ø°Ù‡ Ø¨Ø¹Ø¶ Ø§Ù„Ù…Ø¹Ù„ÙˆÙ…Ø§Øª Ø¹Ù† AO3 Ù…Ù† Ø¶Ù…Ù†Ù‡Ø§ Ù†Ø´Ø£ØªÙ‡ ÙˆØ¨Ø¹Ø¶ Ù…Ø²Ø§ÙŠØ§Ù‡ Ø§Ù„Ø§Ø³Ø§Ø³ÙŠØ© ÙˆÙØ±ÙŠÙ‚ Ø§Ù„Ø¹Ù…Ù„ Ø§Ù„Ø°ÙŠ ÙŠØ¬Ø¹Ù„Ù‡ ÙˆØ§Ù‚Ø¹Ø§Ù‹ Ù…Ù…ÙƒÙ†Ø§Ù‹. ÙŠÙ…ÙƒÙ†Ùƒ Ø£ÙŠØ¶Ø§Ù‹ Ø§Ù„Ø§Ø·Ù„Ø§Ø¹ Ø¹Ù„Ù‰ Ø§Ù„Ù…Ù„Ù ""Ø§Ù„Ø¨Ø±Ù‘Ø§Ù‚"" Ø¨ØµÙŠØºØ© PDF Ø§Ù„Ø°ÙŠ Ù‚Ø¯Ù…Ù†Ø§Ù‡ Ù„Ø­Ø²Ù…Ø© Ù‡ÙˆØºÙˆ 2019 (Ù…ØªÙˆÙØ± Ø¨Ø§Ù„Ù„ØºØ© Ø§Ù„Ø§Ù†Ø¬Ù„ÙŠØ²ÙŠØ©)!",Ø§Ù„Ø¹Ø±Ø¨ÙŠØ©,"1,427",1/1,,22,,135
15733743,Ø§Ù„Ø¨Ø­Ø«,RahmaMD,['Doctor Strange (2016)'],General Audiences,Choose Not To Use Archive Warnings,Gen,Complete Work,19 Aug 2018,['Christine Palmer & Stephen Strange'],"['Stephen Strange', 'Christine Palmer', 'Kaosu | The Ancient One']",[],ÙŠÙ…ÙƒÙ†Ù‡ Ø§Ù† ÙŠØ­Ø³ Ø¨Ù‡Ø§ Ø§Ù…Ø§Ù… Ø¹ÙŠÙ†ÙŠÙ‡ ØŒÙ„ÙƒÙ†Ù‡Ø§ Ø­Ø§Ø±Ù‚Ø© Ù„Ø¨ØµØ±Ù‡ ØŒÙ…Ù‡Ù…Ø§ ØªØ¬Ù„Ù‰ Ø§Ù„Ù†ÙˆØ± Ø£Ù…Ø§Ù…Ù‡ ØŒÙ‡Ùˆ Ø±Ø§Ø¶ÙŠ Ø¨Ø£Ù† ÙŠØ³Ù…Ø­ Ù„Ù‡ Ø£Ù† ÙŠÙƒØ³ÙŠÙ‡,Ø§Ù„Ø¹Ø±Ø¨ÙŠØ©,"1,361",1/1,,22,2,428
14358768,ØµØ¯ÙŠÙ‚ÙŠ Ø§Ù„Ø¬Ø¯ÙŠØ¯,Nielongcouple,['Wanna One'],General Audiences,No Archive Warnings Apply,M/M,Complete Work,18 Apr 2018,[],[],"['Kang Daniel/Ong Seongwoo - Freeform', 'Ongniel', 'kang daniel - Freeform', 'ong seongwoo - Freeform']",ÙÙŠ Ø§ÙˆÙ„ Ù„Ù‚Ø§Ø¡ Ù„Ù‡Ù…Ø§ Ø§Ù„Ø§Ù…Ø± ÙƒØ§Ù† ØºØ±ÙŠØ¨ Ù„Ù… ÙŠØ¹Ù„Ù… Ø¯Ø§Ù†ÙŠÙŠÙ„ Ø§Ù† ØªÙ„Ùƒ Ø§Ù„Ù„Ø­Ø¸Ù‡ Ø³ØªØ¬Ø¹Ù„ Ø­ÙŠØ§ØªÙ‡ ØªØ£Ø®Ø° Ù…Ù†Ø¹Ø·ÙÙ‹Ø§ Ø¬Ø¯ÙŠØ¯ ÙˆØºØ±ÙŠØ¨ Ø¹Ù„ÙŠÙ‡.,Ø§Ù„Ø¹Ø±Ø¨ÙŠØ©,"4,942",1/1,5,5,,168
11601195,Break The Distance,PrincePayno,['None - Fandom'],Not Rated,Choose Not To Use Archive Warnings,F/F,Complete Work,24 Jul 2017,['ØºØ§Ø¯Ù‡ ÙˆÙ‡ÙŠØ§'],[],[],Ù‡ÙŠ Ø­Ø§Ù…Ù„ ÙˆØ£Ù†Ø§ Ø§Ù„Ø£Ø¨ !,Ø§Ù„Ø¹Ø±Ø¨ÙŠØ©,"12,587",1/1,1,5,1,323
11338869,The Rose That Hurts,PrincePayno,['Larry - Fandom'],Not Rated,Choose Not To Use Archive Warnings,M/M,Complete Work,28 Jun 2017,['Killer and worker'],"['Louis Tomlinson', 'Harry Styles']",['Gay'],Ù…Ø§Ù„ Ù„Ø´Ø®Øµ ÙƒØ§Ù† Ù…Ù‡ÙˆÙˆØ³Ø§Ù‹ ÙÙŠÙ‡ØŒ Ø´Ø®ØµØ§Ù‹ Ø£ØµØ¨Ø­ Ù…Ø¬Ø±Ù…Ø§Ù‹ Ù„Ø£Ø¬Ù„Ù‡ .. Ø¨Ù„ Ù‚Ø§ØªÙ„Ø§Ù‹ ! Ø´Ø®ØµØ§Ù‹ Ø¥Ø®ØªØ·ÙÙÙ‡ØŒ ÙˆØ£Ø±ØºÙ…Ù‡Ù Ø¹Ù„Ù‰ Ø§Ù„Ø´Ø¹ÙˆØ± Ø¨Ø§Ù„Ø®ÙˆÙØŒ Ù‡Ù„ Ù‡Ø°Ø§ Ù…Ø§ ÙŠØ¯Ø¹ÙˆÙ†Ù‡ Ø¨Ù…ØªÙ„Ø§Ø²Ù…Ø© Ø³ØªÙˆÙƒÙ‡ÙˆÙ„Ù… ØŸ,Ø§Ù„Ø¹Ø±Ø¨ÙŠØ©,"3,685",1/1,1,11,,140
8953591,Hold Me Tight,chenqing99,['Yuri!!! on Ice (Anime)'],General Audiences,No Archive Warnings Apply,M/M,Complete Work,22 Dec 2016,['Katsuki Yuuri/Victor Nikiforov'],"['Katsuki Yuuri', 'Victor Nikiforov']","['This is Trashâ„¢', 'Romantic Fluff', 'Fluff', ""I Can't Believe I Wrote This"", 'Cuddling & Snuggling', 'Post-Episode: s01e10 Gotta Supercharge it! Pre-Grand Prix Final Special!', 'Yuuri is still salty about things', 'Drabble']","Before the Grand Prix Finals, Yuri and Victor talk their feelings out.",Ø§Ù„Ø¹Ø±Ø¨ÙŠØ©,705,1/1,21,61,5,"1,959"
8162794,Twist Of Fate,PrincePayno,['One Direction'],General Audiences,Choose Not To Use Archive Warnings,M/M,Complete Work,29 Sep 2016,['Ziam - Relationship'],"['Zayn Malik', 'Liam Payne']",['ziam'],""" Ø¥Ø°Ø§Ù‹ØŒ ÙƒÙŠÙ Ø­Ø§Ù„ÙÙƒÙ Ù…Ø¹ ÙƒÙÙ„Ù‘ Ø£Ù…ÙˆØ±Ù Ø§Ù„Ø¥Ù†ØªÙ‚Ø§Ù„Ù Ù‡Ø°Ù‡ ØŸ "" "" Ù„Ø§ Ø£Ø¹Ù„Ù…Ù Ù„ÙˆÙŠØŒ Ø¨Ø¯Ø£ØªÙ Ø¨ØªÙ„Ù‚Ù‘ÙŠ ØªÙÙ„Ù’Ùƒ Ø§Ù„Ø±Ù‘Ø³Ø§Ø¦Ù„ Ø§Ù„ØºØ±ÙŠØ¨Ø©Ù Ù…Ù†Ø°Ù Ø³ÙƒÙ†Ù’ØªÙ ÙÙŠ Ù‡Ø°Ø§ Ø§Ù„Ù…Ù†Ø²Ù„ØŒ Ù‡ÙÙŠ Ù„Ø§ ØªØ¨Ø¯ÙÙˆ Ù…ÙØ±Ø³Ù„Ø©Ù‹ Ù„ÙŠ Ø­ØªÙ‰ØŒ Ø±ÙØ¨Ù…Ø§ Ù…ÙØ±Ø³ÙÙ„Ù‡Ø§ Ù„Ø§ ÙŠØ¹Ù„Ù…Ù Ø£Ù†Ù‘ Ø´Ø®ØµØ§Ù‹ Ø¬Ø¯ÙŠØ¯Ø§Ù‹ Ø¨Ø¯Ø£Ù ÙŠØ³ÙƒÙÙ† Ù‡ÙÙ†Ø§ "" Ù‚Ù‡Ù‚Ù‡Øª ÙˆØ£Ù†Ø§ Ø£ÙØ±ØªØ´Ù Ø±Ø´ÙØ©Ù‹ Ù…Ù† Ø´Ø±Ø§Ø¨ÙŠ. "" Ù„ÙƒÙ†Ù‘ Ø§Ù„Ù…Ù†Ø²Ù„ ÙƒØ§Ù†Ù Ù…Ù‡Ø¬ÙˆØ± Ù„Ø«Ù…Ø§Ù†Ù Ø³Ù†ÙˆØ§ØªÙ Ø²ÙŠÙ† .. Ø£Ù†ØªÙ Ø£ÙØ®Ø¨Ø±ØªÙ†ÙÙŠ Ø°Ù„ÙƒÙ Ø¨ÙÙ†ÙØ³Ùƒ """,Ø§Ù„Ø¹Ø±Ø¨ÙŠØ©,"3,047",1/1,4,16,,356
8118508,GuÃ©rison Amour,PrincePayno,['One Direction'],General Audiences,Choose Not To Use Archive Warnings,M/M,Complete Work,23 Sep 2016,['larry - Relationship'],"['Louis', 'Harry']",['larry - Freeform'],-,Ø§Ù„Ø¹Ø±Ø¨ÙŠØ©,"11,716",1/1,1,3,,314
8118100,Fanfiction,PrincePayno,['One Direction'],General Audiences,Choose Not To Use Archive Warnings,M/M,Complete Work,23 Sep 2016,['larry - Relationship'],"['Louis', 'Harry', 'Rose']",['larry - Freeform'],-,Ø§Ù„Ø¹Ø±Ø¨ÙŠØ©,"1,560",1/1,,2,,175
8118082,Fanfiction,PrincePayno,['One Direction'],General Audiences,Choose Not To Use Archive Warnings,M/M,Complete Work,23 Sep 2016,['larry - Relationship'],"['Louis', 'Harry', 'Rose']",['larry - Freeform'],-,Ø§Ù„Ø¹Ø±Ø¨ÙŠØ©,"1,560",1/1,,2,,300
8117914,I Like The Way It Hurts,PrincePayno,['SPN'],General Audiences,Choose Not To Use Archive Warnings,M/M,Work in Progress,23 Sep 2016,['j2 - Relationship'],"['Jared', 'Jensen']",['J2'],""" Ù„Ø§ ØªÙ‚Ù„Ù‚ØŒ Ø§Ø­Ø¨ ÙƒÙŠÙ ÙŠØ¤Ù„Ù…Ù†ÙŠ Ø§Ù„Ø§Ù…Ø± "" Ø§Ù†Ø§ Ù‚Ù‡Ù‚Ù‡ØªØŒ Ù‡Ùˆ Ø§Ø¨ØªØ¹Ø¯ Ø¹Ù†ÙŠ Ù„ÙŠÙƒÙˆØ¨ ÙˆØ¬Ù‡ÙŠ Ø¨ÙŠÙ† ÙŠØ¯ÙŠÙ‡ØŒ ÙŠÙ†Ø¸Ø± ÙÙŠ Ø¹ÙŠÙ†ÙŠÙ‘ Ø¨Ø¹Ù…Ù‚. "" Ø§Ù†Øª ÙƒØ§Ø°Ø¨ØŒ Ù„Ø·Ø§Ù„Ù…Ø§ Ù‚Ù„Øª Ù‡Ø°Ø§ """,Ø§Ù„Ø¹Ø±Ø¨ÙŠØ©,"15,656",3/?,1,8,,288
